INSTANCE_ID, kcnfs04SAT07, kcnfs04SAT07_SOLVED, kcnfs04SAT07_CUTOFFTIME, kcnfs04SAT07EXITCODE, INSTANCE_ID, march_dl2004, march_dl2004_SOLVED, march_dl2004_CUTOFFTIME, march_dl2004EXITCODE, INSTANCE_ID, minisat20SAT07, minisat20SAT07_SOLVED, minisat20SAT07_CUTOFFTIME, minisat20SAT07EXITCODE, INSTANCE_ID, minisat2.0, minisat2.0_SOLVED, minisat2.0_CUTOFFTIME, minisat2.0EXITCODE, INSTANCE_ID, rsat20, rsat20_SOLVED, rsat20_CUTOFFTIME, rsat20EXITCODE, INSTANCE_ID, vallst, vallst_SOLVED, vallst_CUTOFFTIME, vallstEXITCODE, INSTANCE_ID, zchaff_rand, zchaff_rand_SOLVED, zchaff_rand_CUTOFFTIME, zchaff_randEXITCODE, INSTANCE_ID, tts, tts_SOLVED, tts_CUTOFFTIME, ttsEXITCODE, INSTANCE_ID, picosat846, picosat846_SOLVED, picosat846_CUTOFFTIME, picosat846EXITCODE, INSTANCE_ID, mxc08, mxc08_SOLVED, mxc08_CUTOFFTIME, mxc08EXITCODE, INSTANCE_ID, march_pl, march_pl_SOLVED, march_pl_CUTOFFTIME, march_plEXITCODE, INSTANCE_ID, ranov, ranov_SOLVED, ranov_CUTOFFTIME, ranovEXITCODE, INSTANCE_ID, adaptg2wsat0, adaptg2wsat0_SOLVED, adaptg2wsat0_CUTOFFTIME, adaptg2wsat0EXITCODE, INSTANCE_ID, adaptg2wsatplus, adaptg2wsatplus_SOLVED, adaptg2wsatplus_CUTOFFTIME, adaptg2wsatplusEXITCODE, INSTANCE_ID, gnoveltyplus, gnoveltyplus_SOLVED, gnoveltyplus_CUTOFFTIME, gnoveltyplusEXITCODE, INSTANCE_ID, SATenstein_hgen, SATenstein_hgen_SOLVED, SATenstein_hgen_CUTOFFTIME, SATenstein_hgenEXITCODE, INSTANCE_ID, SATenstein_r3sat, SATenstein_r3sat_SOLVED, SATenstein_r3sat_CUTOFFTIME, SATenstein_r3satEXITCODE, INSTANCE_ID, SATenstein_qcp, SATenstein_qcp_SOLVED, SATenstein_qcp_CUTOFFTIME, SATenstein_qcpEXITCODE, INSTANCE_ID, SATenstein_swgcp, SATenstein_swgcp_SOLVED, SATenstein_swgcp_CUTOFFTIME, SATenstein_swgcpEXITCODE, INSTANCE_ID, nvarsOrig, nclausesOrig, nvars, nclauses, reducedVars, reducedClauses, vars_clauses_ratio, POSNEG_RATIO_CLAUSE_mean, POSNEG_RATIO_CLAUSE_coeff_variation, POSNEG_RATIO_CLAUSE_min, POSNEG_RATIO_CLAUSE_max, POSNEG_RATIO_CLAUSE_entropy, VCG_CLAUSE_mean, VCG_CLAUSE_coeff_variation, VCG_CLAUSE_min, VCG_CLAUSE_max, VCG_CLAUSE_entropy, UNARY, BINARYp, TRINARYp, VCG_VAR_mean, VCG_VAR_coeff_variation, VCG_VAR_min, VCG_VAR_max, VCG_VAR_entropy, POSNEG_RATIO_VAR_mean, POSNEG_RATIO_VAR_stdev, POSNEG_RATIO_VAR_min, POSNEG_RATIO_VAR_max, POSNEG_RATIO_VAR_entropy, HORNY_VAR_mean, HORNY_VAR_coeff_variation, HORNY_VAR_min, HORNY_VAR_max, HORNY_VAR_entropy, horn_clauses_fraction, VG_mean, VG_coeff_variation, VG_min, VG_max, DIAMETER_mean, DIAMETER_coeff_variation, DIAMETER_min, DIAMETER_max, DIAMETER_entropy, cl_num_mean, cl_num_coeff_variation, cl_num_min, cl_num_max, cl_num_q90, cl_num_q10, cl_num_q75, cl_num_q25, cl_num_q50, cl_size_mean, cl_size_coeff_variation, cl_size_min, cl_size_max, cl_size_q90, cl_size_q10, cl_size_q75, cl_size_q25, cl_size_q50, SP_bias_mean, SP_bias_coeff_variation, SP_bias_min, SP_bias_max, SP_bias_q90, SP_bias_q10, SP_bias_q75, SP_bias_q25, SP_bias_q50, SP_unconstraint_mean, SP_unconstraint_coeff_variation, SP_unconstraint_min, SP_unconstraint_max, SP_unconstraint_q90, SP_unconstraint_q10, SP_unconstraint_q75, SP_unconstraint_q25, SP_unconstraint_q50, vars_reduced_depth_1, vars_reduced_depth_4, vars_reduced_depth_16, vars_reduced_depth_64, vars_reduced_depth_256, BestSolution_Mean, BestSolution_CoeffVariance, FirstLocalMinStep_Mean, FirstLocalMinStep_CoeffVariance, FirstLocalMinStep_Median, FirstLocalMinStep_Q10, FirstLocalMinStep_Q90, BestAvgImprovement_Mean, BestAvgImprovement_CoeffVariance, FirstLocalMinRatio_Mean, FirstLocalMinRatio_CoeffVariance, lobjois_mean_depth_over_vars, lobjois_log_num_nodes_over_vars, Pre_featuretime, Basic_featuretime, KLB_featuretime, DIAMETER_featuretime, cl_featuretime, sp_featuretime, unit_featuretime, ls_featuretime, lobjois_featuretime
5321703,0,0,3600,0,5321703,3600.35,0,3600,2304,5321703,3170.02,1,11250,0,5321703,3600.27,0,3600,2304,5321703,3806.61,1,11250,2560,5321703,3600.24,0,3600,2304,5321703,0.02,0,3600,1536,5321703,3600.3,0,3600,2304,5321703,4329.84,1,11250,2560,5321703,8374.73,1,11250,2560,5321703,3600,0,3600,256,5321703,0.02,0,3600,65280,5321703,0,0,3600,0,5321703,0,0,3600,0,5321703,0,0,3600,65280,5321703,999999,0,0,0,5321703,999999,0,0,0,5321703,999999,0,0,0,5321703,999999,0,0,0,5321703,1461772,5687554,447289,2172391,2.268070532,1.618107882,0.205897097,0.39700278,1.081922704,0,1,1.279898007,7.69E-06,1.298511333,4.47E-06,0.000172148,1.235895761,0,0.536124482,0.783747953,7.69E-06,18.30639963,3.22E-06,0.014035687,1.334849604,0.322105233,0.15743861,0,0.999409468,1.797191648,5.93E-06,23.69388759,1.38E-06,0.014027861,1.733814575,0.894631307,1.64E-05,5.270247673,2.30E-06,0.009699451,9.2,0.043478261,9,10,0.500402424,0,0,0,0,0,0,0,0,0,0,0,0,0,0,0,0,0,0,0.870926433,0.19587922,0,0.99979003,0.978619947,0.778994253,0.975100041,0.825090487,0.911648102,0.113769988,0.884279839,0,0.5,0.296747039,0.011863019,0.147317153,0.014254938,0.108441905,0.000143084,0.000143084,0.000143084,0.000143084,0.000143084,211602,0,0,0,0,0,0,12.99829877,0,2.318795146,0,0.594628976,0.645632723,345.88,0.7,659.59,2.33,2,13.56,344.97,5.35,2.76
5321706,0,0,3600,0,5321706,3600.32,0,3600,2304,5321706,11250.8,0,11250,2304,5321706,3600.24,0,3600,2304,5321706,1972.16,1,11250,2560,5321706,3600.24,0,3600,2304,5321706,3600.24,0,3600,2304,5321706,3600.4,0,3600,2304,5321706,4811.65,1,11250,2560,5321706,407.34,1,3600,2560,5321706,3600,0,3600,256,5321706,0.02,0,3600,65280,5321706,0,0,3600,0,5321706,0,0,3600,0,5321706,0,0,3600,65280,5321706,999999,0,0,0,5321706,999999,0,0,0,5321706,999999,0,0,0,5321706,999999,0,0,0,5321706,633392,2141556,20926,784104,29.26818312,1.731214227,0.026687786,0.382326507,0.944851893,0,1,2.119316439,0.000435198,1.432099128,9.56E-05,0.004826532,2.356610997,0,0.377270107,0.636789252,0.000435198,2.176669384,8.93E-06,0.005634457,5.698590125,0.420742956,0.319713771,0,0.942307692,4.132070742,0.000362654,2.514977634,3.83E-06,0.005395968,4.927892199,0.656037975,0.000226286,0.930439957,8.93E-06,0.002234397,51,0,51,51,0,0,0,0,0,0,0,0,0,0,0,0,0,0,0,0,0,0,0,0.720253921,0.455059215,0,0.999994012,0.9952152,0.072520369,0.97620351,0.520637683,0.899499534,0.141924891,1.294042954,0,0.5,0.451050797,9.12E-05,0.313958665,0.001280241,0.018434161,4.78E-05,0.00019115,0.000764599,0.026283093,0.041527287,34576.66667,1.682283993,4572,0.866121544,6799,0,6799,2.638734987,0.87400152,0.659325419,0.866025408,0.349111154,0.576001866,341.98,0.3,4.49,2.14,2,22.46,369.6,4.55,2.05
5321666,0,0,3600,0,5321666,977.82,0,3600,2816,5321666,98.62,1,3600,0,5321666,115.45,1,3600,0,5321666,986.74,1,1200,2560,5321666,3600.41,0,3600,2304,5321666,0.01,0,3600,1536,5321666,3600.33,0,3600,2304,5321666,1034.72,1,3600,2560,5321666,490.15,1,3600,2560,5321666,3600,0,3600,256,5321666,0.02,0,3600,65280,5321666,0,0,3600,0,5321666,0,0,3600,0,5321666,0,0,3600,65280,5321666,6.43,0,3600,2816,5321666,6.1,0,3600,2816,5321666,6.07,0,3600,2816,5321666,6.09,0,3600,2816,5321666,1004933,4426834,134915,861225,6.448638031,4.140159656,0.156654765,0.281225124,1.091028803,0,1,1.456884466,2.14E-05,0.416815863,1.48E-05,0.000103769,1.269999455,0,0.471924294,0.783271503,2.14E-05,10.6282062,6.97E-06,0.021539087,2.617873859,0.22209643,0.241179192,0,0.888888889,2.754544479,1.38E-05,15.77556672,1.16E-06,0.021107144,2.376781659,0.703670934,1.29E-05,12.48449666,4.65E-06,0.015469825,11.625,0.041644982,11,12,0.661563238,0,0,0,0,0,0,0,0,0,0,0,0,0,0,0,0,0,0,0.564009313,0.614788119,1.51E-06,0.999999331,0.982728047,0.055319317,0.91582479,0.223757927,0.586471688,0.037030675,1.168153196,0,0.305042308,0.086650718,0.001403527,0.05846476,0.004451452,0.022052667,0,1.48E-05,9.64E-05,9.64E-05,9.64E-05,65714,0,0,0,0,0,0,30.07825433,0,1.821959274,0,0.210137247,0.615297262,163.3,0.26,60.74,2.15,2,5.58,175.61,3.07,2
5321702,0,0,3600,0,5321702,3600.29,0,3600,2304,5321702,4038.68,1,11250,0,5321702,985.58,1,3600,0,5321702,346.3,1,1200,2560,5321702,3600.23,0,3600,2304,5321702,3600.25,0,3600,2304,5321702,3600.27,0,3600,2304,5321702,918.75,1,3600,2560,5321702,516.36,1,3600,2560,5321702,3600,0,3600,256,5321702,0.02,0,3600,65280,5321702,0,0,3600,0,5321702,0,0,3600,0,5321702,0,0,3600,65280,5321702,999999,0,0,0,5321702,999999,0,0,0,5321702,999999,0,0,0,5321702,999999,0,0,0,5321702,683996,2623082,209283,1017418,2.26828266,1.578175342,0.205700115,0.400845905,1.067320931,0,1,1.333459441,1.65E-05,1.192023477,9.56E-06,0.000310584,1.286788185,0,0.533605657,0.781389753,1.65E-05,13.11753808,6.88E-06,0.015777193,1.527420939,0.318527573,0.15858784,0,0.998877945,1.961943434,1.25E-05,17.23195011,2.95E-06,0.015757535,1.841797729,0.882952729,3.16E-05,4.291874037,4.91E-06,0.011035779,8.333333333,0.056568542,8,9,0.636514168,0,0,0,0,0,0,0,0,0,0,0,0,0,0,0,0,0,0,0.860029138,0.20797762,0,0.999708876,0.977916005,0.770638692,0.96989438,0.819575472,0.881614772,0.118247403,0.900943657,0.000157347,0.5,0.314383562,0.015383852,0.151977429,0.019381022,0.090800657,0.000272358,0.000272358,0.000272358,0.000272358,0.000272358,67199,0,0,0,0,0,0,4.54517134,0,1.639698043,0,0.424466512,0.659723915,87.03,0.34,144.76,2.14,2,6.11,87.68,3.4,2.28
5321714,0,0,3600,0,5321714,543.35,0,3600,2816,5321714,11250.7,0,11250,2304,5321714,3600.24,0,3600,2304,5321714,11250.7,0,11250,2304,5321714,3600.23,0,3600,2304,5321714,2455.33,1,3600,2560,5321714,3241.84,0,3600,0,5321714,9274.25,1,11250,2560,5321714,11250.7,0,11250,2304,5321714,3600,0,3600,256,5321714,0.03,0,3600,65280,5321714,0,0,3600,0,5321714,0,0,3600,0,5321714,0,0,3600,65280,5321714,999999,0,0,0,5321714,999999,0,0,0,5321714,999999,0,0,0,5321714,999999,0,0,0,5321714,509512,1529045,134938,885495,2.775897079,0.726768644,0.152387083,0.374475449,0.552037896,0,1,1.474617265,2.57E-05,0.308833705,1.48E-05,0.000148216,1.423079387,0,0.164610754,0.585761636,2.57E-05,10.31653301,7.91E-06,0.014368235,2.976026002,0.162557202,0.120911864,0,0.998863313,3.000963438,1.15E-05,13.74775928,2.26E-06,0.010910282,1.793232251,0.489348895,2.68E-05,8.952208486,6.78E-06,0.011662404,12,0.041666667,11,13,0.73562194,0,0,0,0,0,0,0,0,0,0,0,0,0,0,0,0,0,0,0.396193494,0.59203617,0,0.999594264,0.677973511,0.062413009,0.599671751,0.165224176,0.449481542,0.090203635,0.561208897,0,0.315136852,0.155580759,0.019301078,0.130404407,0.050655222,0.088860549,0,0,0,7.41E-06,2.96E-05,46671,0,0,0,0,0,0,4.440285059,0,1.860977365,0,0.158661015,0.341102418,25.57,0.3,60.91,2.06,2,5.87,102.3,3.34,2.08
5321730,0,0,3600,0,5321730,1564.98,0,3600,2816,5321730,68.57,1,3600,0,5321730,186.76,1,3600,0,5321730,35.93,1,1200,2560,5321730,2667.85,1,3600,2560,5321730,43.93,1,3600,2560,5321730,734.1,0,3600,0,5321730,38.2,1,3600,2560,5321730,39.05,1,3600,2560,5321730,3600,0,3600,256,5321730,0.04,0,3600,65280,5321730,3600.22,0,3600,2304,5321730,3600.23,0,3600,2304,5321730,0.01,0,3600,65280,5321730,999999,0,0,0,5321730,999999,0,0,0,5321730,999999,0,0,0,5321730,999999,0,0,0,5321730,199571,912286,13828,539366,13.43238357,0.691404353,0.025637508,0.259350479,1.41420102,0,1,1.694988594,0.000481016,2.572648104,0.000144634,0.042739369,1.817804,0,0.631029765,0.722789349,0.000481016,1.98228775,1.11E-05,0.006552137,5.697068419,0.407442461,0.309256195,0,0.990917348,4.250077411,0.000297105,2.69517305,7.42E-06,0.006146105,4.339525001,0.772228876,0.000379826,1.686999764,1.11E-05,0.003949081,19.16666667,0.019444069,19,20,0.450561209,0,0,0,0,0,0,0,0,0,0,0,0,0,0,0,0,0,0,0.678108821,0.476693707,0,1,0.976491375,0.133464006,0.946716601,0.414838105,0.828691665,0.151033113,1.107650588,0,0.5,0.448805639,0.000366249,0.28491137,0.014401838,0.069769857,0,0,0,0.000506219,0.052212901,858,0.003296535,4543.5,0.001089413,4543.5,4540,4540,8.887286445,0.232674511,0.994244007,0.000157877,0.315076826,0.888914705,22.21,0.19,2.71,2.04,2,18.37,124.55,3.29,2.06
5321729,0,0,3600,0,5321729,1578.42,0,3600,2816,5321729,193.03,1,3600,0,5321729,213.46,1,3600,0,5321729,70.08,1,1200,2560,5321729,3600.22,0,3600,2304,5321729,363.84,1,3600,2560,5321729,1668.46,0,3600,2304,5321729,158.59,1,3600,2560,5321729,33.34,1,3600,2560,5321729,3600,0,3600,256,5321729,0.04,0,3600,65280,5321729,3600.22,0,3600,2304,5321729,3600.22,0,3600,2304,5321729,0.02,0,3600,65280,5321729,999999,0,0,0,5321729,999999,0,0,0,5321729,999999,0,0,0,5321729,999999,0,0,0,5321729,187667,874988,13323,525202,13.08594161,0.666002795,0.025367382,0.250792245,1.449989543,0,1,1.654553326,0.000489626,2.643015299,0.000150116,0.044359379,1.7724783,0,0.643476224,0.731663246,0.000489626,1.965825349,1.14E-05,0.006321377,5.698278885,0.406250915,0.30885437,0,0.990917348,4.255231195,0.000305038,2.670587304,7.62E-06,0.005927243,4.351799766,0.780080807,0.000394025,1.694086747,1.14E-05,0.004055582,18.52941177,0.026937401,18,19,0.691416078,0,0,0,0,0,0,0,0,0,0,0,0,0,0,0,0,0,0,0.680201987,0.476185764,0,1,0.976972983,0.131536499,0.947818872,0.419428541,0.83530931,0.151151137,1.111051786,0,0.5,0.448977118,0.000306506,0.28868418,0.013505685,0.068829607,0,0,0,0.000525407,0.053891766,982.25,0.307832876,3268.25,0.666675342,4350,0,4353,10.38686187,0.679139736,0.999442059,0.01100118,0.438731088,0.91016983,21.9,0.19,2.71,2.08,2,18.35,128.73,3.24,2.22
5321719,0,0,3600,0,5321719,3600.24,0,3600,2304,5321719,11250.7,0,11250,2304,5321719,3600.25,0,3600,2304,5321719,46.4,1,1200,2560,5321719,3600.22,0,3600,2304,5321719,1193.62,1,3600,2560,5321719,3600.28,0,3600,2304,5321719,22.45,1,3600,2560,5321719,12.97,1,3600,2560,5321719,3600,0,3600,256,5321719,3600.22,0,3600,2304,5321719,3600.22,0,3600,2304,5321719,3600.22,0,3600,2304,5321719,3600.21,0,3600,2304,5321719,999999,0,0,0,5321719,999999,0,0,0,5321719,999999,0,0,0,5321719,999999,0,0,0,5321719,135786,453174,7174,169803,17.92751603,1.668822106,0.042248959,0.376105265,0.931936246,0,1,2.129031988,0.000948849,1.220696864,0.000278784,0.008502927,2.207732116,0,0.380953222,0.639411553,0.000948849,1.820814831,4.12E-05,0.009440351,5.173198125,0.37655568,0.288642083,0,0.90625,4.102240946,0.000740763,2.194138152,1.77E-05,0.008780764,4.443537912,0.66027102,0.000655631,0.827458271,4.12E-05,0.004346213,30.95454546,0.016806936,30,32,0.771187145,0,0,0,0,0,0,0,0,0,0,0,0,0,0,0,0,0,0,0.623579685,0.470713679,8.11E-05,0.999874646,0.982586323,0.20671445,0.903548924,0.374476405,0.667039447,0.0390963,1.87990276,0,0.28765275,0.162453795,5.10E-08,0.033585844,5.98E-06,0.00062961,0.000139392,0.000557569,0.002230276,0.055199331,0.079174798,385.1666667,0.35491982,2106.5,0.315171489,2298.5,2260,2306,3.769287389,0.553453714,0.987246436,0.015448014,0.353705722,0.655276778,18.27,0.07,0.52,2.01,2,4.54,24.39,2.44,2.02
5321701,0,0,3600,0,5321701,3600.25,0,3600,2304,5321701,61.68,1,3600,0,5321701,71.12,1,3600,0,5321701,57.52,1,1200,2560,5321701,3600.22,0,3600,2304,5321701,316.75,1,3600,2560,5321701,2523.21,0,3600,0,5321701,122.13,1,3600,2560,5321701,70.57,1,3600,2560,5321701,3600,0,3600,256,5321701,3600.22,0,3600,2304,5321701,3600.23,0,3600,2304,5321701,3600.23,0,3600,2304,5321701,3600.22,0,3600,2304,5321701,999999,0,0,0,5321701,999999,0,0,0,5321701,999999,0,0,0,5321701,999999,0,0,0,5321701,267767,1002957,80123,378769,2.341949253,1.647938453,0.211535263,0.39453278,1.061650376,0,1,1.424167038,4.41E-05,1.183143235,2.50E-05,0.000936061,1.361225913,0,0.533425386,0.769323783,4.41E-05,8.571003508,1.85E-05,0.018697412,1.880117412,0.330162634,0.178732738,0,0.997454751,2.299121009,3.29E-05,11.39116109,5.28E-06,0.018644609,2.184794225,0.864783021,7.70E-05,3.188908043,1.32E-05,0.013308903,7.678571429,0.115719584,7,9,0.900204651,0,0,0,0,0,0,0,0,0,0,0,0,0,0,0,0,0,0,0.780619956,0.186755847,6.29E-05,0.999835301,0.922668355,0.649227052,0.881730421,0.700543151,0.824418636,0.070485262,0.874978369,0,0.300349195,0.157033786,0.001237816,0.126762101,0.005501834,0.052956525,0.000486752,0.000486752,0.000486752,0.000486752,0.000486752,12599,0,0,0,0,0,0,2.311300345,0,1.250911119,0,0.465698052,0.678906182,17.37,0.12,21.57,2.02,2,3.55,19.12,2.57,2.21
5321607,0,0,3600,0,5321607,3600.29,0,3600,2304,5321607,11250.8,0,11250,2304,5321607,1308.31,1,3600,0,5321607,271.78,1,1200,2560,5321607,3600.22,0,3600,2304,5321607,32.76,1,3600,2560,5321607,3449.69,0,3600,0,5321607,53.07,1,3600,2560,5321607,24.27,1,3600,2560,5321607,3600,0,3600,256,5321607,3600.23,0,3600,2304,5321607,3600.23,0,3600,2304,5321607,3600.24,0,3600,2304,5321607,3600.22,0,3600,2304,5321607,3600.24,0,3600,2304,5321607,3600.23,0,3600,2304,5321607,3600.23,0,3600,2304,5321607,3600.22,0,3600,2304,5321607,331631,1586193,93918,630755,2.531069657,1.514752955,0.14889775,0.342756153,1.028643711,0,1,1.279865199,2.80E-05,0.365466581,2.13E-05,0.000127771,0.96519324,0,0.5376303,0.934045707,2.80E-05,0.618873235,9.51E-06,6.98E-05,2.921512127,0.237908564,0.160253261,0,0.833333333,3.115464275,1.77E-05,0.548113385,4.76E-06,4.44E-05,2.639602363,0.734575231,2.72E-05,0.617295919,6.34E-06,6.66E-05,15.23076923,0.027662755,15,16,0.540204142,0,0,0,0,0,0,0,0,0,0,0,0,0,0,0,0,0,0,0.505751478,0.593586594,0,0.973531525,0.8505968,0.047954118,0.792987213,0.226861337,0.572202672,0.015600877,0.910221658,2.30E-08,0.2199947,0.034004902,6.49E-07,0.026114183,9.05E-05,0.015800383,0.000159714,0.00088375,0.018462914,0.034072276,0.13154028,14732,0,0,0,0,0,0,3.400566289,0,1.144311113,0,0.146840009,0.435532658,11.74,0.2,29.65,2.14,2,3.9,196.55,2.8,2.03
5321606,0,0,3600,0,5321606,3600.26,0,3600,2304,5321606,1380.49,1,3600,0,5321606,2534.96,1,3600,0,5321606,1174.61,1,1200,2560,5321606,3600.22,0,3600,2304,5321606,30.05,1,3600,2560,5321606,3196.93,0,3600,0,5321606,125.59,1,3600,2560,5321606,29.05,1,3600,2560,5321606,3600,0,3600,256,5321606,3600.23,0,3600,2304,5321606,3600.22,0,3600,2304,5321606,3600.23,0,3600,2304,5321606,3600.23,0,3600,2304,5321606,3600.23,0,3600,2304,5321606,3600.23,0,3600,2304,5321606,3600.23,0,3600,2304,5321606,3600.22,0,3600,2304,5321606,294246,1384270,85194,546816,2.453834777,1.531509685,0.155800123,0.348288238,1.036715248,0,1,1.306300462,3.08E-05,0.383744539,2.35E-05,0.000140855,0.979367432,0,0.557328242,0.926437778,3.08E-05,0.570484662,1.10E-05,7.32E-05,2.862040573,0.240632377,0.160439665,0,0.818181818,3.093288985,1.96E-05,0.517066915,5.49E-06,5.12E-05,2.593365102,0.741170705,3.03E-05,0.567377146,7.32E-06,6.95E-05,15.1875,0.02569958,15,16,0.482577565,30,0.265622958,21,41,41,21,41,24,34,3.069368296,0.106394713,2.609756098,3.380952381,3.380952381,2.609756098,3.380952381,2.911764706,3.375,0.506498883,0.611916471,0,0.977633378,0.851974391,0.034465774,0.792263265,0.186441081,0.617501135,0.014172227,0.892438578,2.22E-07,0.208054683,0.030805768,1.83E-06,0.024116295,0.000144117,0.01379671,1.17E-05,0.015505787,0.021081297,0.06437073,0.140455901,10813,0,28224,0,28224,28224,28224,3.023247342,0,0.986866463,0,0.166894034,0.465869018,10.07,0.18,24.33,2.12,2,3.81,144.23,2.66,2.04
5321609,0,0,3600,0,5321609,3600.25,0,3600,2304,5321609,11250.8,0,11250,2304,5321609,30.62,1,3600,0,5321609,491.18,1,1200,2560,5321609,1081.78,1,3600,2560,5321609,185.38,1,3600,2560,5321609,3600.5,0,3600,2304,5321609,69.28,1,3600,2560,5321609,64.25,1,3600,2560,5321609,3600,0,3600,256,5321609,3600.23,0,3600,2304,5321609,3600.22,0,3600,2304,5321609,3600.22,0,3600,2304,5321609,3600.23,0,3600,2304,5321609,3600.22,0,3600,2304,5321609,3600.23,0,3600,2304,5321609,3600.23,0,3600,2304,5321609,3600.23,0,3600,2304,5321609,279590,1337190,95380,604754,1.931327322,1.211130476,0.157717022,0.359737993,1.008595182,0,1,1.340777351,2.82E-05,0.418408494,2.10E-05,0.000125813,1.020019118,0,0.550704915,0.906881145,2.82E-05,0.603088943,9.92E-06,7.28E-05,2.870745227,0.244657908,0.159207992,0,0.833333333,3.089263556,1.72E-05,0.568633048,4.96E-06,4.63E-05,2.5584242,0.730941838,2.88E-05,0.574409339,6.61E-06,6.95E-05,15.33333333,0.030743773,15,16,0.636514168,74,0,74,74,74,74,74,74,74,2.851351351,0,2.851351351,2.851351351,2.851351351,2.851351351,2.851351351,2.851351351,2.851351351,0.535903286,0.571934086,0,0.994011964,0.865502081,0.057895888,0.816586866,0.249363162,0.619871666,0.016029493,0.833598638,1.20E-08,0.209331183,0.033036067,9.47E-07,0.024686332,0.001542045,0.01628735,4.19E-05,0.000650031,0.003889704,0.036013839,0.258041518,15722,0,0,0,0,0,0,3.205062277,0,1.163801546,0,0.110099491,0.266258671,10.18,0.19,30.55,2.06,2,3.82,178.06,2.78,2.07
5321605,0,0,3600,0,5321605,3600.29,0,3600,2304,5321605,11250.8,0,11250,2304,5321605,3600.31,0,3600,2304,5321605,3363.79,1,11250,2560,5321605,3600.22,0,3600,2304,5321605,135.4,1,3600,2560,5321605,825.95,0,3600,0,5321605,604.71,1,3600,2560,5321605,73.1,1,3600,2560,5321605,3600,0,3600,256,5321605,3600.23,0,3600,2304,5321605,3600.22,0,3600,2304,5321605,3600.23,0,3600,2304,5321605,3600.22,0,3600,2304,5321605,3600.22,0,3600,2304,5321605,3600.23,0,3600,2304,5321605,3600.22,0,3600,2304,5321605,3600.22,0,3600,2304,5321605,270120,1250036,76714,476002,2.521130433,1.626115016,0.161163188,0.35032805,1.049437625,0,1,1.315033406,3.40E-05,0.388796235,2.61E-05,0.000156425,0.976518625,0,0.575306406,0.924676787,3.40E-05,0.524148591,1.26E-05,8.61E-05,2.812886849,0.242080176,0.160206261,0,0.8,3.072116957,2.18E-05,0.480880439,6.30E-06,5.88E-05,2.584599431,0.748757358,3.33E-05,0.526972902,8.40E-06,7.98E-05,14.8,0.027027027,14,15,0.500402424,0,0,0,0,0,0,0,0,0,0,0,0,0,0,0,0,0,0,0.510536061,0.604411213,0,0.964237572,0.85236275,0.031359076,0.793279905,0.19139423,0.62064249,0.014258185,0.882774334,2.17E-07,0.205404575,0.030733114,5.15E-06,0.024308104,0.000256205,0.013947876,2.61E-05,0.000417134,0.00333707,0.022447011,0.089892327,8357,0,25616,0,25616,25616,25616,2.701366362,0,0.970197591,0,0.227440488,0.52194484,9.85,0.15,19.89,2.11,2,3.58,172.38,2.59,2.12
5321608,0,0,3600,0,5321608,3600.24,0,3600,2304,5321608,122.38,1,3600,0,5321608,3600.26,0,3600,2304,5321608,69.25,1,1200,2560,5321608,1174.84,1,3600,2560,5321608,35.4,1,3600,2560,5321608,1632.38,0,3600,0,5321608,30.09,1,3600,2560,5321608,65.92,1,3600,2560,5321608,3600,0,3600,256,5321608,3600.22,0,3600,2304,5321608,3600.23,0,3600,2304,5321608,3600.23,0,3600,2304,5321608,3600.23,0,3600,2304,5321608,3600.23,0,3600,2304,5321608,3600.23,0,3600,2304,5321608,3600.23,0,3600,2304,5321608,3600.23,0,3600,2304,5321608,265408,1248556,89874,551972,1.953112135,1.26199155,0.162823477,0.362377448,1.017780687,0,1,1.352131477,2.98E-05,0.426670552,2.23E-05,0.00013352,1.020979494,0,0.566865711,0.903495105,2.98E-05,0.558606312,1.09E-05,7.25E-05,2.821394443,0.246257431,0.159458051,0,0.818181818,3.064272155,1.83E-05,0.533230468,5.44E-06,5.07E-05,2.526050572,0.737325444,3.05E-05,0.536399011,7.25E-06,6.88E-05,15,0,15,15,0,39,0.272165527,26,52,52,26,52,26,39,2.055555556,0.047317283,1.974358974,2.192307692,2.192307692,1.974358974,2.192307692,1.974358974,2,0.525023849,0.600534777,0,0.952557585,0.864325448,0.051655466,0.812153742,0.193679317,0.633849151,0.015022909,0.826975928,1.81E-07,0.204835636,0.031202859,2.23E-06,0.024562126,0.00171936,0.015106838,0.00023366,0.000890135,0.004072368,0.031822329,0.155439838,12254,0,30546,0,30546,30546,30546,2.971419218,0,1,0,0.152913721,0.726818054,9.78,0.18,27.12,2.14,2,4.16,129.73,2.7,2.04
5321575,0,0,3600,0,5321575,3600.36,0,3600,2304,5321575,4065.24,0,11250,2304,5321575,3600.41,0,3600,2304,5321575,10654.1,0,11250,2304,5321575,3600.22,0,3600,2304,5321575,3600.25,0,3600,2304,5321575,928.14,0,3600,0,5321575,1185.16,1,3600,2560,5321575,3484.07,1,3600,2560,5321575,3600,0,3600,256,5321575,3600.22,0,3600,2304,5321575,3600.22,0,3600,2304,5321575,3600.23,0,3600,2304,5321575,3600.22,0,3600,2304,5321575,999999,0,0,0,5321575,999999,0,0,0,5321575,999999,0,0,0,5321575,999999,0,0,0,5321575,262705,1259225,134612,793828,0.951571925,0.586269318,0.169573258,0.386698633,0.97460544,0,1,1.374186264,2.05E-05,0.475443563,1.49E-05,7.43E-05,1.041681776,0,0.570731947,0.874920008,2.05E-05,0.583871851,8.82E-06,5.54E-05,2.59335284,0.260945454,0.163998685,0,0.833333333,2.837704455,1.19E-05,0.569789686,3.78E-06,3.15E-05,2.321290539,0.725747895,2.23E-05,0.53947154,5.04E-06,5.29E-05,16,0,16,16,0,0,0,0,0,0,0,0,0,0,0,0,0,0,0,0,0,0,0,0.580078826,0.555428146,0,0.961686897,0.88596175,0.065586117,0.844352311,0.257287479,0.761434773,0.015645226,0.798269688,1.90E-08,0.135767026,0.028857573,3.16E-06,0.022087484,0.007044136,0.015803716,3.71E-05,0.000638873,0.00311265,0.014018067,0.140009806,49868,0,0,0,0,0,0,3.653135414,0,1.516916826,0,0.149421151,0.697733903,9.7,0.23,60.61,2.18,2,5.01,237.72,3.03,2.13
5321574,0,0,3600,0,5321574,3600.36,0,3600,2304,5321574,3600.36,0,3600,2304,5321574,3600.41,0,3600,2304,5321574,11251,0,11250,2304,5321574,3600.22,0,3600,2304,5321574,3600.26,0,3600,2304,5321574,816.42,0,3600,0,5321574,7601.99,1,11250,2560,5321574,5629.84,1,11250,2560,5321574,3600,0,3600,256,5321574,3600.22,0,3600,2304,5321574,3600.23,0,3600,2304,5321574,3600.23,0,3600,2304,5321574,3600.22,0,3600,2304,5321574,3600.22,0,3600,2304,5321574,3600.23,0,3600,2304,5321574,3600.22,0,3600,2304,5321574,3600.22,0,3600,2304,5321574,252328,1189896,129041,742042,0.955409521,0.603542657,0.17389986,0.389225786,0.981390816,0,1,1.379251843,2.14E-05,0.483114278,1.55E-05,7.75E-05,1.037820958,0,0.585581409,0.871090855,2.14E-05,0.544439676,9.43E-06,5.39E-05,2.554784355,0.262491408,0.163536158,0,0.818181818,2.821021256,1.25E-05,0.537246406,4.04E-06,3.37E-05,2.291811232,0.731383129,2.33E-05,0.511117148,5.39E-06,5.39E-05,15.75,0.02749287,15,16,0.562335145,0,0,0,0,0,0,0,0,0,0,0,0,0,0,0,0,0,0,0.585088358,0.546010413,1.00E-09,0.95987645,0.886266751,0.071284528,0.844584257,0.280469453,0.767341724,0.015703682,0.794921728,3.10E-08,0.137828309,0.028928427,5.48E-06,0.02197228,0.007400664,0.015837203,0.000255733,0.000798196,0.020737595,0.035438349,0.129416232,37594,0,0,0,0,0,0,3.32704675,0,1.376512299,0,0.145550639,0.732956309,9.29,0.23,55.47,2.01,2,4.8,319.86,2.88,2.03
5321571,0,0,3600,0,5321571,3600.4,0,3600,2304,5321571,6108.44,0,11250,2816,5321571,3600.4,0,3600,2304,5321571,3600.37,0,3600,2304,5321571,3600.22,0,3600,2304,5321571,3600.27,0,3600,2304,5321571,3600.33,0,3600,2304,5321571,2588.3,1,3600,2560,5321571,2470.45,1,3600,2560,5321571,3600,0,3600,256,5321571,3600.22,0,3600,2304,5321571,3600.22,0,3600,2304,5321571,3600.23,0,3600,2304,5321571,3600.22,0,3600,2304,5321571,3600.23,0,3600,2304,5321571,3600.23,0,3600,2304,5321571,3600.23,0,3600,2304,5321571,3600.22,0,3600,2304,5321571,261020,1211106,124771,708950,1.09199253,0.708309472,0.175994076,0.387783325,0.994382884,0,1,1.381263489,2.19E-05,0.480246681,1.60E-05,8.01E-05,1.029223637,0,0.598655759,0.875405882,2.19E-05,0.50669183,9.87E-06,5.22E-05,2.569773508,0.263735679,0.163380999,0,0.8,2.898024146,1.30E-05,0.500922532,4.23E-06,3.39E-05,2.348842592,0.73931589,2.36E-05,0.491838997,5.64E-06,5.64E-05,15.77777778,0.0263497,15,16,0.529706199,0,0,0,0,0,0,0,0,0,0,0,0,0,0,0,0,0,0,0.582080835,0.544686035,7.00E-09,0.962644121,0.884954217,0.070722557,0.842456001,0.274941449,0.75662269,0.015794147,0.809215866,5.90E-08,0.158775198,0.030118891,7.68E-06,0.022508822,0.006437252,0.01564879,2.40E-05,0.00063316,0.00304558,0.021134719,0.099822876,37219,0,0,0,0,0,0,3.35927408,0,1.388917335,0,0.275100908,0.688078957,9.04,0.22,51.84,2.1,2,4.48,181.58,2.85,2.07
5321558,0,0,3600,0,5321558,3600.26,0,3600,2304,5321558,11250.8,0,11250,2304,5321558,3600.26,0,3600,2304,5321558,49.05,1,1200,2560,5321558,3600.22,0,3600,2304,5321558,46.38,1,3600,2560,5321558,3600.42,0,3600,2304,5321558,39.86,1,3600,2560,5321558,15.85,1,3600,2560,5321558,701.7,0,3600,2816,5321558,3600.23,0,3600,2304,5321558,3600.23,0,3600,2304,5321558,3600.22,0,3600,2304,5321558,3600.22,0,3600,2304,5321558,999999,0,0,0,5321558,999999,0,0,0,5321558,999999,0,0,0,5321558,999999,0,0,0,5321558,246821,1180403,68985,457531,2.577893745,1.579941031,0.150776669,0.34322967,1.0316344,0,1,1.291016103,3.81E-05,0.37127856,2.90E-05,0.000173951,0.97421576,0,0.541947977,0.929679082,3.81E-05,0.622050081,1.31E-05,9.62E-05,2.949275254,0.238195277,0.157659008,0,0.833333333,3.154029053,2.41E-05,0.561245632,6.56E-06,6.12E-05,2.649681862,0.733913112,3.73E-05,0.617374927,8.74E-06,9.18E-05,15.1,0.01986755,15,16,0.325082973,0,0,0,0,0,0,0,0,0,0,0,0,0,0,0,0,0,0,0.502695497,0.609891873,0,0.982855344,0.847993427,0.042773932,0.783101275,0.191123097,0.606261345,0.013850993,0.927095186,1.49E-07,0.200085147,0.030702702,7.37E-07,0.024061974,0.000114409,0.01212555,0.000434877,0.001159672,0.005696891,0.042038124,0.12502718,5707,0,23002,0,23002,23002,23002,2.367532351,0,0.951287554,0,0.164887784,0.486885418,8.38,0.14,15.99,2.03,2,3.61,161.14,2.56,2.05
5321570,0,0,3600,0,5321570,3600.38,0,3600,2304,5321570,4905.28,0,11250,2304,5321570,3600.43,0,3600,2304,5321570,11251.1,0,11250,2304,5321570,3600.23,0,3600,2304,5321570,3600.26,0,3600,2304,5321570,3600.49,0,3600,2304,5321570,11250.8,0,11250,2304,5321570,6413.81,1,11250,2560,5321570,3600.23,0,3600,2304,5321570,3600.23,0,3600,2304,5321570,3600.22,0,3600,2304,5321570,3600.22,0,3600,2304,5321570,3600.22,0,3600,2304,5321570,3600.23,0,3600,2304,5321570,3600.23,0,3600,2304,5321570,3600.22,0,3600,2304,5321570,3600.22,0,3600,2304,5321570,234673,1071339,113985,628528,1.058805983,0.704520721,0.181352303,0.393398601,0.996344346,0,1,1.387087128,2.40E-05,0.49289445,1.75E-05,8.77E-05,1.02511565,0,0.61560026,0.867590624,2.40E-05,0.468734425,1.11E-05,5.89E-05,2.564476903,0.266797624,0.161553051,0,0.777777778,2.856319748,1.42E-05,0.474321962,4.77E-06,3.98E-05,2.275387092,0.744434615,2.61E-05,0.466072873,6.36E-06,6.36E-05,16.2,0.024691358,16,17,0.500402424,0,0,0,0,0,0,0,0,0,0,0,0,0,0,0,0,0,0,0.592690308,0.526279017,1.10E-08,0.964161985,0.887291803,0.081625831,0.844466541,0.30013838,0.761882549,0.015965771,0.794704345,4.40E-08,0.134150324,0.03002227,2.68E-05,0.022399662,0.007762789,0.015709018,1.75E-05,0.004000526,0.006614905,0.022652103,0.482581041,27375,0,0,0,0,0,0,3.075757576,0,1.299671593,0,0.266977015,0.746940387,8.37,0.19,43.4,2.05,2,3.99,151.51,2.76,2
5321601,0,0,3600,0,5321601,3600.26,0,3600,2304,5321601,7350.14,1,11250,0,5321601,3600.26,0,3600,2304,5321601,216.9,1,1200,2560,5321601,966.79,1,3600,2560,5321601,38.37,1,3600,2560,5321601,3600.42,0,3600,2304,5321601,23.57,1,3600,2560,5321601,27.3,1,3600,2560,5321601,3600,0,3600,256,5321601,3600.22,0,3600,2304,5321601,3600.23,0,3600,2304,5321601,3600.22,0,3600,2304,5321601,3600.22,0,3600,2304,5321601,3600.22,0,3600,2304,5321601,3600.22,0,3600,2304,5321601,3600.23,0,3600,2304,5321601,3600.22,0,3600,2304,5321601,229842,1081178,62687,402909,2.666501827,1.683429757,0.155586001,0.344528311,1.044748191,0,1,1.298142784,4.17E-05,0.374176817,3.19E-05,0.000191427,0.970431497,0,0.558269982,0.929400932,4.17E-05,0.578087336,1.49E-05,0.00010176,2.895763092,0.239061934,0.158239615,0,0.818181818,3.119433777,2.66E-05,0.523837534,7.45E-06,6.95E-05,2.615411663,0.74138329,4.06E-05,0.578591157,9.93E-06,9.93E-05,14.65,0.032557652,14,15,0.647446639,0,0,0,0,0,0,0,0,0,0,0,0,0,0,0,0,0,0,0.505082668,0.606344221,0,0.988750548,0.846871411,0.036436603,0.782120091,0.192436083,0.611546289,0.013852273,0.921064867,1.56E-07,0.194674506,0.030538796,1.87E-06,0.024036596,0.00012694,0.012196967,4.79E-05,0.004961156,0.009858503,0.036817841,0.116802527,4071,0,20705,0,20705,20705,20705,1.895061891,0,0.932643637,0,0.217623079,0.599727886,8.03,0.14,13.35,2.06,2,3.37,129.65,2.48,2.02
5321568,0,0,3600,0,5321568,3600.24,0,3600,2304,5321568,11.65,1,3600,0,5321568,18.16,1,3600,0,5321568,30.31,1,1200,2560,5321568,3600.22,0,3600,2304,5321568,21.3,1,3600,2560,5321568,3600.39,0,3600,2304,5321568,31.33,1,3600,2560,5321568,26.34,1,3600,2560,5321568,3600,0,3600,256,5321568,3600.22,0,3600,2304,5321568,3600.23,0,3600,2304,5321568,3600.22,0,3600,2304,5321568,3600.22,0,3600,2304,5321568,3600.23,0,3600,2304,5321568,3600.23,0,3600,2304,5321568,3600.22,0,3600,2304,5321568,3600.23,0,3600,2304,5321568,220330,1019546,73272,436826,2.007014958,1.33398653,0.167737268,0.364823991,1.027266538,0,1,1.360216177,3.65E-05,0.432999901,2.73E-05,0.000163773,1.018871246,0,0.583170416,0.900951409,3.65E-05,0.512436922,1.37E-05,9.39E-05,2.77975945,0.247633821,0.159476166,0,0.8,3.057976925,2.25E-05,0.496921721,6.87E-06,6.41E-05,2.516849668,0.744195629,3.73E-05,0.499833193,9.16E-06,8.70E-05,14.94117647,0.015748031,14,15,0.223718076,99,0.515151515,48,150,150,48,150,48,150,2.685416667,0.278510473,1.9375,3.433333333,3.433333333,1.9375,3.433333333,1.9375,3.433333333,0.52765314,0.59457975,1.00E-09,0.966717359,0.86314125,0.045608811,0.810259089,0.206673181,0.647465566,0.014895455,0.866234412,3.13E-07,0.20202978,0.031729377,5.71E-06,0.025111586,0.001766923,0.013150868,0.082719183,0.08329239,0.097431488,0.175810678,0.257356152,6585,0,24793,0,24793,24793,24793,2.390147658,0,0.957714225,0,0.173245596,0.625241765,7.61,0.13,18,2.03,2,3.64,104.41,2.54,2.07
5321716,0,0,3600,0,5321716,522.86,0,3600,2816,5321716,438.22,1,3600,0,5321716,622.51,1,3600,0,5321716,3547.07,1,11250,2560,5321716,1105.04,1,3600,2560,5321716,337.91,1,3600,2560,5321716,1048.49,0,3600,0,5321716,58.59,1,3600,2560,5321716,342.18,1,3600,2560,5321716,3600,0,3600,256,5321716,3600.22,0,3600,2304,5321716,3600.22,0,3600,2304,5321716,3600.22,0,3600,2304,5321716,3600.22,0,3600,2304,5321716,999999,0,0,0,5321716,999999,0,0,0,5321716,999999,0,0,0,5321716,999999,0,0,0,5321716,209144,627818,55259,365792,2.784795237,0.716325125,0.151066726,0.376595666,0.563838958,0,1,1.492039484,6.27E-05,0.309951697,3.62E-05,0.000343835,1.427399743,0,0.167844021,0.584367619,6.27E-05,7.2867205,1.91E-05,0.018734691,3.03868523,0.169099373,0.126594517,0,0.997995992,3.073150412,2.77E-05,9.687406646,5.47E-06,0.013838466,1.836279895,0.48534413,6.54E-05,6.385415971,1.91E-05,0.015235434,8.62962963,0.141565858,7,11,1.539289354,0,0,0,0,0,0,0,0,0,0,0,0,0,0,0,0,0,0,0.381458283,0.512500755,0,0.99925327,0.62472905,0.102341009,0.536597938,0.220971398,0.398437658,0.074247835,0.611070936,0,0.184019122,0.134686987,0.006988125,0.116777953,0.041345804,0.070298695,0,0.019725294,0.030908992,0.121989178,0.126151396,6500,0,0,0,0,0,0,2.166306833,0,1.190532024,0,0.21465897,0.850492339,7.48,0.12,10.43,2.01,2,3.34,29.95,2.56,2.02
5321565,0,0,3600,0,5321565,3600.26,0,3600,2304,5321565,8342.92,1,11250,0,5321565,1164.85,1,3600,0,5321565,94.61,1,1200,2560,5321565,1120.12,1,3600,2560,5321565,41.08,1,3600,2560,5321565,3600.54,0,3600,2304,5321565,37.66,1,3600,2560,5321565,24.27,1,3600,2560,5321565,3600,0,3600,256,5321565,3600.23,0,3600,2304,5321565,3600.23,0,3600,2304,5321565,0,0,3600,0,5321565,3600.22,0,3600,2304,5321565,3600.22,0,3600,2304,5321565,3600.23,0,3600,2304,5321565,3600.23,0,3600,2304,5321565,3600.22,0,3600,2304,5321565,226802,1032458,62155,374282,2.648974338,1.758502947,0.166064625,0.351326101,1.066977005,0,1,1.317278609,4.16E-05,0.38973572,3.22E-05,0.000193066,0.965234896,0,0.597207453,0.925304984,4.16E-05,0.474359632,1.60E-05,9.08E-05,2.768416274,0.244720653,0.160235762,0,0.777777778,3.060559866,2.71E-05,0.446877853,8.02E-06,7.48E-05,2.529193858,0.759507537,4.04E-05,0.48646179,1.07E-05,0.000101528,14.60869565,0.033407655,14,15,0.669327963,31.75,0.428609808,9,44,44,9,44,34,40,4.219503862,0.331667597,2.863636364,6.555555556,6.555555556,2.863636364,6.555555556,3.558823529,3.9,0.518849485,0.58983945,0,0.945390752,0.851224516,0.039464758,0.790044612,0.207354683,0.631885058,0.013660012,0.918104262,3.05E-07,0.205698265,0.030077112,1.11E-05,0.023570926,0.000472476,0.011779081,0.00012871,0.000707908,0.009508487,0.06409782,0.135950446,3368,0,20554,0,20554,20554,20554,1.610578838,0,0.920324636,0,0.220547709,0.693152131,7.32,0.12,12.99,2.07,2,3.28,126.49,2.45,2.01
5321604,0,0,3600,0,5321604,3600.33,0,3600,2304,5321604,3600.39,0,3600,2304,5321604,3600.4,0,3600,2304,5321604,11251,0,11250,2304,5321604,3600.22,0,3600,2304,5321604,3600.27,0,3600,2304,5321604,2388.59,0,3600,0,5321604,934.14,1,3600,2560,5321604,164.53,1,3600,2560,5321604,3600,0,3600,256,5321604,3600.23,0,3600,2304,5321604,3600.23,0,3600,2304,5321604,3600.23,0,3600,2304,5321604,3600.22,0,3600,2304,5321604,3600.22,0,3600,2304,5321604,3600.23,0,3600,2304,5321604,3600.22,0,3600,2304,5321604,3600.22,0,3600,2304,5321604,218494,1013700,106240,601416,1.056607681,0.685522168,0.176649773,0.38905542,0.99229673,0,1,1.381937787,2.58E-05,0.483331949,1.88E-05,9.41E-05,1.030166155,0,0.599167631,0.873112787,2.58E-05,0.505874364,1.16E-05,6.15E-05,2.557093514,0.263890239,0.163167966,0,0.8,2.87975451,1.52E-05,0.502081089,4.99E-06,3.99E-05,2.329642529,0.738550354,2.79E-05,0.48962575,6.65E-06,6.65E-05,15.58333333,0.03163679,15,16,0.679193266,0,0,0,0,0,0,0,0,0,0,0,0,0,0,0,0,0,0,0.567766725,0.566902366,0,0.945046119,0.880449258,0.071509703,0.837368273,0.220621477,0.743759669,0.015997463,0.822542377,5.21E-07,0.14844381,0.030734659,1.16E-05,0.025658349,0.004784262,0.016389558,1.88E-05,0.000508283,0.008687877,0.048559864,0.157068901,23170,0,0,0,0,0,0,3.035206018,0,1.258665922,0,0.190202999,0.659736587,7.6,0.17,37.66,2.05,2,4.36,155.9,2.74,2.01
5321563,0,0,3600,0,5321563,3600.24,0,3600,2304,5321563,6.43,1,3600,0,5321563,18.84,1,3600,0,5321563,11.47,1,1200,2560,5321563,667.48,1,3600,2560,5321563,13.82,1,3600,2560,5321563,1659.96,0,3600,0,5321563,14.91,1,3600,2560,5321563,11.02,1,3600,2560,5321563,3600,0,3600,256,5321563,3600.23,0,3600,2304,5321563,3600.22,0,3600,2304,5321563,3600.23,0,3600,2304,5321563,3600.22,0,3600,2304,5321563,3600.22,0,3600,2304,5321563,3600.22,0,3600,2304,5321563,3600.22,0,3600,2304,5321563,3600.23,0,3600,2304,5321563,208271,995953,68883,433497,2.023547174,1.297485334,0.158900754,0.359233633,1.01294592,0,1,1.344133361,3.90E-05,0.417799468,2.90E-05,0.000174208,1.021415837,0,0.554691267,0.904931291,3.90E-05,0.606663635,1.38E-05,0.0001015,2.899230698,0.243497918,0.156595182,0,0.833333333,3.128368304,2.38E-05,0.578874875,6.92E-06,6.46E-05,2.566527284,0.731292258,3.99E-05,0.577985952,9.23E-06,9.69E-05,14.38095238,0.033768341,14,15,0.664528439,139,0,139,139,139,139,139,139,139,3.654676259,0,3.654676259,3.654676259,3.654676259,3.654676259,3.654676259,3.654676259,3.654676259,0.521138445,0.595429847,0,0.988707657,0.858778325,0.048254088,0.805437004,0.205432195,0.622794347,0.014955361,0.864379069,1.57E-07,0.193311629,0.031761031,1.31E-06,0.025155511,0.001715781,0.013455411,4.36E-05,0.016215902,0.020614665,0.10477186,0.208382329,5479,0,23381,0,23381,23381,23381,2.282727467,0,0.947478907,0,0.113353543,0.398738035,7.07,0.14,15.98,2.1,2,3.56,109.08,2.54,2
5321562,0,0,3600,0,5321562,3600.23,0,3600,2304,5321562,3050.22,1,3600,0,5321562,4.33,1,3600,0,5321562,5.67,1,1200,2560,5321562,476.51,1,3600,2560,5321562,11.17,1,3600,2560,5321562,3600.37,0,3600,2304,5321562,12.6,1,3600,2560,5321562,5.5,1,3600,2560,5321562,3600.23,0,3600,2304,5321562,3600.23,0,3600,2304,5321562,3600.22,0,3600,2304,5321562,3600.22,0,3600,2304,5321562,3600.22,0,3600,2304,5321562,3600.22,0,3600,2304,5321562,3600.23,0,3600,2304,5321562,3600.23,0,3600,2304,5321562,3600.22,0,3600,2304,5321562,183702,864038,59866,365435,2.068553102,1.364409539,0.163821199,0.361908209,1.020942586,0,1,1.354392535,4.48E-05,0.424739444,3.34E-05,0.000200448,1.022289696,0,0.569529465,0.901916894,4.48E-05,0.561603794,1.64E-05,0.000109459,2.855918244,0.244582161,0.157117935,0,0.818181818,3.104104217,2.74E-05,0.541944293,8.21E-06,7.66E-05,2.53773419,0.737211816,4.57E-05,0.54024275,1.09E-05,0.000109459,14.76,0.028935171,14,15,0.551079928,77,0.025974026,75,79,79,75,79,75,79,3.538312236,0.430990484,2.013333333,5.063291139,5.063291139,2.013333333,5.063291139,2.013333333,5.063291139,0.524586937,0.588545907,0,0.990255055,0.857503011,0.053177654,0.804734324,0.216256146,0.631488935,0.015063559,0.876421859,1.76E-07,0.202963087,0.031887005,2.52E-06,0.025677805,0.001774504,0.013042716,5.01E-05,0.010439983,0.018758561,0.052333545,0.147178699,2717,0,20230,0,20230,20230,20230,1.429614409,0,0.918672212,0,0.158903466,0.64214154,6.47,0.11,12.08,2.05,2,3.35,92.31,2.45,2.01
5321564,0,0,3600,0,5321564,3600.25,0,3600,2304,5321564,50.89,1,3600,0,5321564,66.33,1,3600,0,5321564,17.83,1,1200,2560,5321564,767.23,1,3600,2560,5321564,8.63,1,3600,2560,5321564,3600.38,0,3600,2304,5321564,45.46,1,3600,2560,5321564,6.29,1,3600,2560,5321564,3600,0,3600,256,5321564,3600.22,0,3600,2304,5321564,3600.22,0,3600,2304,5321564,3600.23,0,3600,2304,5321564,3600.22,0,3600,2304,5321564,3600.23,0,3600,2304,5321564,3600.22,0,3600,2304,5321564,3600.22,0,3600,2304,5321564,3600.23,0,3600,2304,5321564,193399,865657,54315,311808,2.560692258,1.776250128,0.174193735,0.359987877,1.069671832,0,1,1.341337235,4.77E-05,0.412390203,3.68E-05,0.000220933,0.973326181,0,0.6210713,0.915011802,4.77E-05,0.424713252,1.92E-05,0.000109041,2.701784373,0.249865338,0.158034066,0,0.777777778,3.052404795,3.09E-05,0.423483696,9.62E-06,9.30E-05,2.489229519,0.767100267,4.69E-05,0.444770304,1.28E-05,0.00012187,14.25,0.030386856,14,15,0.562335145,18.83333333,0.587613285,8,39,39,8,28,10,15,4.45006105,0.773838916,2,11.92307692,11.92307692,2,4.4,2,3.428571429,0.535081053,0.563293241,1.30E-08,0.976081383,0.854328814,0.053754693,0.796910781,0.243595983,0.65912921,0.01424207,0.89046516,2.17E-07,0.200887651,0.030584385,2.94E-05,0.024053374,0.001501715,0.012329965,3.68E-05,0.001712234,0.009997238,0.087010955,0.22415539,1105,0,17783,0,17783,17783,17783,0.683271239,0,0.89119825,0,0.212403957,0.729146161,6.3,0.1,9.92,2.05,2,3,97.59,2.39,2.05
5321557,0,0,3600,0,5321557,243.43,1,3600,2560,5321557,32.67,1,3600,0,5321557,32.14,1,3600,0,5321557,39.29,1,1200,2560,5321557,665.46,1,3600,2560,5321557,13.77,1,3600,2560,5321557,3600.37,0,3600,2304,5321557,26.03,1,3600,2560,5321557,44.74,1,3600,2560,5321557,3600,0,3600,256,5321557,3600.23,0,3600,2304,5321557,3600.22,0,3600,2304,5321557,3600.23,0,3600,2304,5321557,3600.22,0,3600,2304,5321557,3600.22,0,3600,2304,5321557,3600.22,0,3600,2304,5321557,3600.22,0,3600,2304,5321557,3600.22,0,3600,2304,5321557,193520,895436,51761,321273,2.738722204,1.787149869,0.161112201,0.34642547,1.058228557,0,1,1.306128237,5.02E-05,0.376869183,3.86E-05,0.000231835,0.966494336,0,0.576522148,0.928216812,5.02E-05,0.530104561,1.87E-05,0.000127617,2.839131302,0.239814937,0.158398404,0,0.8,3.100688859,3.23E-05,0.485421303,9.34E-06,8.72E-05,2.602512011,0.749655278,4.87E-05,0.536586024,1.25E-05,0.000124505,14.25,0.030386856,14,15,0.562335145,0,0,0,0,0,0,0,0,0,0,0,0,0,0,0,0,0,0,0.51010343,0.596777355,4.00E-09,0.983232529,0.847069123,0.035378937,0.780891852,0.196321276,0.616702711,0.013749088,0.928398762,3.38E-07,0.192220976,0.030237556,5.27E-06,0.023684966,0.000162061,0.011853094,5.80E-05,0.001642163,0.016305713,0.05419138,0.180328819,23347,1.349944894,8520.5,1.414213562,8520.5,0,0,3.462499091,1.168835474,2.418113332,0.891662676,0.236466026,0.606667464,6.24,0.09,9.06,2.08,2,3.08,116.69,2.41,2.05
5321576,0,0,3600,0,5321576,3600.34,0,3600,2304,5321576,3600.37,0,3600,2304,5321576,3600.37,0,3600,2304,5321576,11250.9,0,11250,2304,5321576,3600.21,0,3600,2304,5321576,3600.29,0,3600,2304,5321576,2046.44,0,3600,0,5321576,4770.85,1,11250,2560,5321576,1007.56,1,3600,2560,5321576,3600.24,0,3600,2304,5321576,3600.22,0,3600,2304,5321576,3600.23,0,3600,2304,5321576,3600.22,0,3600,2304,5321576,3600.22,0,3600,2304,5321576,3600.22,0,3600,2304,5321576,3600.23,0,3600,2304,5321576,3600.23,0,3600,2304,5321576,3600.23,0,3600,2304,5321576,189456,850574,88808,479001,1.133321322,0.775724894,0.185402536,0.395641435,1.00480564,0,1,1.388259137,3.07E-05,0.497422365,2.25E-05,0.000112602,1.014366906,0,0.632800349,0.866555602,3.07E-05,0.436476603,1.46E-05,7.72E-05,2.532350158,0.269081859,0.160618315,0,0.75,2.857813784,1.83E-05,0.447232497,6.26E-06,5.64E-05,2.240463197,0.752102814,3.32E-05,0.453503026,8.35E-06,8.35E-05,15.1875,0.02569958,15,16,0.482577565,235,0,235,235,235,235,235,235,235,8.629787234,0,8.629787234,8.629787234,8.629787234,8.629787234,8.629787234,8.629787234,8.629787234,0.58088406,0.540902718,1.10E-08,0.944720638,0.880548406,0.086115583,0.837871997,0.264757178,0.743851047,0.016186789,0.802730643,3.75E-07,0.147123554,0.030316573,6.72E-05,0.025516289,0.005338463,0.016701149,2.25E-05,0.002161967,0.005281056,0.017453383,0.190838663,10947,0,31311,0,31311,31311,31311,2.5586507,0,0.998311692,0,0.25195885,0.784223263,6.44,0.14,26.29,2.1,2,3.42,125.34,2.6,2.02
5321603,0,0,3600,0,5321603,3600.3,0,3600,2304,5321603,4437.44,1,11250,0,5321603,15.05,1,3600,0,5321603,483.56,1,1200,2560,5321603,3600.22,0,3600,2304,5321603,247.53,1,3600,2560,5321603,3600.41,0,3600,2304,5321603,578.43,1,3600,2560,5321603,99.41,1,3600,2560,5321603,3600,0,3600,256,5321603,3600.23,0,3600,2304,5321603,3600.23,0,3600,2304,5321603,3600.23,0,3600,2304,5321603,3600.22,0,3600,2304,5321603,3600.23,0,3600,2304,5321603,3600.22,0,3600,2304,5321603,3600.22,0,3600,2304,5321603,3600.22,0,3600,2304,5321603,184675,842981,86918,481892,1.124703744,0.749315199,0.180368215,0.391184445,1.00009219,0,1,1.385202967,3.14E-05,0.487744463,2.30E-05,0.000115051,1.022703736,0,0.614670922,0.871950562,3.14E-05,0.468715849,1.45E-05,7.68E-05,2.58599658,0.265876713,0.161862886,0,0.777777778,2.887402452,1.87E-05,0.472138492,6.23E-06,5.19E-05,2.300955775,0.745359956,3.38E-05,0.469035836,8.30E-06,8.30E-05,15.33333333,0.030743773,15,16,0.636514168,0,0,0,0,0,0,0,0,0,0,0,0,0,0,0,0,0,0,0.572288598,0.555267921,2.00E-09,0.945815791,0.879954753,0.073796941,0.837481319,0.236784384,0.735912766,0.015997039,0.819832911,3.04E-07,0.148990913,0.030543234,2.14E-05,0.025487275,0.004779764,0.016373008,2.30E-05,0.002024897,0.198520445,0.213799213,0.318253987,10548,0,30619,0,30619,30619,30619,2.576216772,0,0.995526145,0,0.223894935,0.768348323,6.41,0.14,25.4,2.11,2,3.53,117.3,2.61,2.04
5321638,0,0,3600,0,5321638,3600.29,0,3600,2304,5321638,10.69,1,3600,0,5321638,212.6,1,3600,0,5321638,8.36,1,1200,2560,5321638,3600.22,0,3600,2304,5321638,64.25,1,3600,2560,5321638,3600.27,0,3600,2304,5321638,2.8,1,3600,2560,5321638,5.14,1,3600,2560,5321638,3600,0,3600,256,5321638,3600.23,0,3600,2304,5321638,3600.22,0,3600,2304,5321638,3600.22,0,3600,2304,5321638,3600.21,0,3600,2304,5321638,3600.22,0,3600,2304,5321638,3600.22,0,3600,2304,5321638,3600.22,0,3600,2304,5321638,3600.22,0,3600,2304,5321638,152428,441729,41484,197664,2.674380484,1.234746843,0.209871297,0.397924212,0.68246403,0,1,1.24141783,8.18E-05,0.762084031,4.82E-05,0.001711503,1.017896268,0,0.092798891,0.830818966,8.18E-05,5.242446859,3.54E-05,0.043002266,2.082672607,0.088371456,0.096443596,0,1,1.782978695,2.51E-05,3.872079674,0,0.012146876,1.683326131,0.357966043,6.58E-05,2.831603988,2.02E-05,0.014883843,15.96666667,0.011242515,15,16,0.146144746,150.7142857,1.191253133,27,580,580,27,158,40,85,10.93322746,0.619369858,3.75,23.59259259,23.59259259,3.75,15.27068966,4.6,9.223529412,0.197577516,0.835153201,0,1,0.415074972,0.056965429,0.191878318,0.148715309,0.155881461,0.064546793,0.992595684,0,1,0.120501929,0.025035643,0.061712104,0.038383506,0.050511291,0.001590975,0.001735609,0.002314145,0.004218494,0.005038087,5439.5,0.847436181,3995,1.414213562,3995,0,0,1.498075228,1.204687226,1.198572087,0.435113044,0.048724177,0.134498028,5.96,0.06,5.82,2.02,2,2.79,8,2.34,2
5321567,0,0,3600,0,5321567,69.03,1,3600,2560,5321567,5.56,1,3600,0,5321567,5.74,1,3600,0,5321567,4.56,1,1200,2560,5321567,631.84,1,3600,2560,5321567,11.61,1,3600,2560,5321567,1965.86,0,3600,0,5321567,16.45,1,3600,2560,5321567,6.28,1,3600,2560,5321567,3600,0,3600,256,5321567,3600.22,0,3600,2304,5321567,3600.23,0,3600,2304,5321567,3600.23,0,3600,2304,5321567,3600.22,0,3600,2304,5321567,999999,0,0,0,5321567,999999,0,0,0,5321567,999999,0,0,0,5321567,999999,0,0,0,5321567,179177,815583,58549,338213,2.06029138,1.411447815,0.173112802,0.367752669,1.038558148,0,1,1.36655904,4.54E-05,0.439498743,3.42E-05,0.000204957,1.012670092,0,0.603601872,0.898507745,4.54E-05,0.465610489,1.77E-05,0.000100528,2.739339951,0.250100637,0.159070326,0,0.777777778,3.054885646,2.83E-05,0.464206279,8.87E-06,8.28E-05,2.469894663,0.75303433,4.63E-05,0.465898259,1.18E-05,0.000112355,14.17391304,0.026741711,14,15,0.462036909,51,0.300262605,30,68,68,30,68,43,63,6.001785443,0.399785742,3.441176471,9.936507937,9.936507937,3.441176471,9.936507937,5.162790698,5.466666667,0.534904584,0.578045994,2.00E-09,0.950869769,0.861105156,0.054196078,0.80960571,0.223979548,0.658806177,0.015018848,0.871412557,3.47E-07,0.201134246,0.031713077,1.33E-05,0.025386201,0.001905461,0.012907381,0.000324515,0.00233992,0.009001008,0.038822183,0.421561427,2031,0,19825,0,19825,19825,19825,1.121858285,0,0.90427822,0,0.185521244,0.536412493,6.06,0.1,11.59,2.04,2,3.22,112.8,2.42,2.03
5321610,0,0,3600,0,5321610,3600.25,0,3600,2304,5321610,5856.55,1,11250,0,5321610,845.39,1,3600,0,5321610,48.07,1,1200,2560,5321610,3600.22,0,3600,2304,5321610,55.01,1,3600,2560,5321610,3600.3,0,3600,2304,5321610,38.69,1,3600,2560,5321610,85.8,1,3600,2560,5321610,3600,0,3600,256,5321610,3600.22,0,3600,2304,5321610,3600.22,0,3600,2304,5321610,3600.22,0,3600,2304,5321610,3600.22,0,3600,2304,5321610,3600.22,0,3600,2304,5321610,3600.22,0,3600,2304,5321610,3600.22,0,3600,2304,5321610,3600.22,0,3600,2304,5321610,181082,824258,49609,294359,2.650184442,1.800179373,0.168532302,0.353036089,1.06522323,0,1,1.329490083,5.24E-05,0.398865339,4.03E-05,0.000241892,0.975697769,0,0.59947547,0.919312812,5.24E-05,0.477172774,2.04E-05,0.000132491,2.789540388,0.244579477,0.158587877,0,0.777777778,3.094217307,3.37E-05,0.457654657,1.02E-05,9.51E-05,2.544107129,0.757272582,5.14E-05,0.486901298,1.36E-05,0.000135888,14.09677419,0.020972886,14,15,0.31793678,49,0,49,49,49,49,49,49,49,9.836734694,0,9.836734694,9.836734694,9.836734694,9.836734694,9.836734694,9.836734694,9.836734694,0.521822131,0.582140929,5.00E-09,0.985180827,0.851582658,0.041589055,0.790318763,0.220859047,0.628953855,0.014205836,0.90885659,3.06E-07,0.20640874,0.030827311,1.21E-05,0.024295373,0.000890675,0.012293781,6.05E-05,0.005160354,0.011449535,0.066600818,0.259307787,14922,1.320008477,8159,1.414213562,8159,0,0,2.66713727,1.118547061,1.467250904,0.557509502,0.187567152,0.666275718,5.99,0.1,8.33,2.06,2,2.85,86.9,2.4,2.11
5321639,0,0,3600,0,5321639,3600.29,0,3600,2304,5321639,9.69,1,3600,0,5321639,141.14,1,3600,0,5321639,9.34,1,1200,2560,5321639,3600.22,0,3600,2304,5321639,52.71,1,3600,2560,5321639,3600.29,0,3600,2304,5321639,2.83,1,3600,2560,5321639,4.94,1,3600,2560,5321639,3600.23,0,3600,2304,5321639,3600.23,0,3600,2304,5321639,3600.22,0,3600,2304,5321639,3600.22,0,3600,2304,5321639,3600.21,0,3600,2304,5321639,3600.22,0,3600,2304,5321639,3600.22,0,3600,2304,5321639,3600.22,0,3600,2304,5321639,3600.22,0,3600,2304,5321639,150680,436954,41759,198589,2.608323954,1.200293068,0.210278515,0.398292754,0.681934894,0,1,1.233216933,8.12E-05,0.760597267,4.79E-05,0.001700232,1.011721944,0,0.09297091,0.832911188,8.12E-05,5.228272797,5.04E-06,0.042796932,2.071019523,0.088096435,0.095902827,0,1,1.766336792,2.49E-05,3.839830725,0,0.012085262,1.680964679,0.357366219,6.50E-05,2.831832408,5.04E-06,0.014814516,15.96590909,0.011365637,15,16,0.148686886,127.1666667,1.130659079,10,468,362,15,228,28,65,6.661199375,0.512458568,2.5,12.32142857,12.24358974,2.6,10.98066298,4.316666667,6.16,0.197077919,0.8381768,0,1,0.403347548,0.056472392,0.191878318,0.148715309,0.155881461,0.064240857,0.975004465,0,1,0.123817361,0.025095985,0.061712104,0.038383506,0.050511291,0,0,0,0,0.003232836,4636.5,0.744395169,4062.5,1.414213562,4062.5,0,0,1.331985057,1.178597649,1.125137592,0.365162872,0.045744468,0.137203205,5.86,0.05,5.88,2.01,2,2.73,8.32,2.31,2.01
5321602,0,0,3600,0,5321602,3600.27,0,3600,2304,5321602,3600.45,0,3600,2304,5321602,3600.39,0,3600,2304,5321602,4033.64,1,11250,2560,5321602,3600.22,0,3600,2304,5321602,652.82,1,3600,2560,5321602,1037.95,0,3600,0,5321602,279.16,1,3600,2560,5321602,53.09,1,3600,2560,5321602,3600,0,3600,256,5321602,3600.23,0,3600,2304,5321602,3600.22,0,3600,2304,5321602,3600.22,0,3600,2304,5321602,3600.22,0,3600,2304,5321602,3600.22,0,3600,2304,5321602,3600.22,0,3600,2304,5321602,3600.22,0,3600,2304,5321602,3600.22,0,3600,2304,5321602,164587,738865,77396,417100,1.126556928,0.771433709,0.18555742,0.395898523,1.004358468,0,1,1.387736536,3.52E-05,0.498039184,2.58E-05,0.000129206,1.013901239,0,0.63286502,0.866312635,3.52E-05,0.435947321,1.68E-05,8.87E-05,2.534351007,0.269292236,0.160528499,0,0.75,2.872639505,2.10E-05,0.446544349,7.19E-06,5.99E-05,2.229773513,0.751898825,3.82E-05,0.45280475,9.59E-06,9.59E-05,15.29411765,0.02979218,15,16,0.605797499,0,0,0,0,0,0,0,0,0,0,0,0,0,0,0,0,0,0,0.580166862,0.53410894,2.00E-09,0.939808008,0.879563403,0.083364116,0.835077757,0.259403895,0.744443783,0.016561897,0.847366185,4.53E-07,0.137714487,0.032092681,6.49E-05,0.027230344,0.004336762,0.016414788,2.58E-05,0.002765001,0.009199442,0.07806605,0.157139904,7579,0,27847,0,27847,27847,27847,2.347623666,0,0.974797554,0,0.212335035,0.708498017,5.6,0.13,20.11,2.11,2,3.53,116.97,2.52,2.05
5321637,0,0,3600,0,5321637,3600.25,0,3600,2304,5321637,10.32,1,3600,0,5321637,52.89,1,3600,0,5321637,9.59,1,1200,2560,5321637,3600.22,0,3600,2304,5321637,64.58,1,3600,2560,5321637,3600.26,0,3600,2304,5321637,2.59,1,3600,2560,5321637,3.89,1,3600,2560,5321637,3600,0,3600,256,5321637,3600.22,0,3600,2304,5321637,3600.22,0,3600,2304,5321637,3600.22,0,3600,2304,5321637,3600.21,0,3600,2304,5321637,3600.22,0,3600,2304,5321637,3600.22,0,3600,2304,5321637,3600.22,0,3600,2304,5321637,3600.22,0,3600,2304,5321637,121416,356524,29820,136385,3.071629779,1.614099791,0.218645745,0.411130475,0.663791096,0,1,1.06249202,0.0001098,0.829903882,6.71E-05,0.002380952,0.78973206,0,0.081203945,0.891278366,0.0001098,3.084715988,5.13E-05,0.02476812,1.781480839,0.091466346,0.087404576,0,1,1.608237828,3.34E-05,2.124339178,0,0.003776075,1.465560304,0.348124794,8.89E-05,2.157610986,2.93E-05,0.006173699,14.23846154,0.03236535,13,15,0.641462538,400.2307692,0.641920598,21,721,695,22,583,104,460,11.28612924,0.397300882,4.136363636,17.7890411,17.40497336,4.142857143,13.98705036,8.875,12.02058319,0.188672744,0.735305615,0,1,0.247390319,0.102224577,0.191878194,0.148761941,0.155980685,0.061543141,0.886181903,0,1,0.079053355,0.031043906,0.061674628,0.038340713,0.050475484,0,0,0,0,0.013078471,2078,0.516784865,5681.666667,0.009885031,5666,5635,5666,0.624841786,1.225209635,0.852279127,0.068108073,0.05452905,0.55812033,5.03,0.04,3,2.01,2,2.52,7.81,2.27,2.01
5321720,0,0,3600,0,5321720,3600.27,0,3600,2304,5321720,2657.73,1,3600,0,5321720,3600.24,0,3600,2304,5321720,1319.48,1,11250,2560,5321720,3600.22,0,3600,2304,5321720,3600.24,0,3600,2304,5321720,3600.3,0,3600,2304,5321720,3299.25,1,3600,2560,5321720,219.82,1,3600,2560,5321720,3600,0,3600,256,5321720,3600.23,0,3600,2304,5321720,3600.22,0,3600,2304,5321720,3600.22,0,3600,2304,5321720,3600.22,0,3600,2304,5321720,999999,0,0,0,5321720,999999,0,0,0,5321720,999999,0,0,0,5321720,999999,0,0,0,5321720,114548,399368,15536,194132,6.373069001,1.057198195,0.080028022,0.323203275,0.963848535,0,1,1.929586323,0.000267844,0.917558173,0.000128733,0.002767765,1.888370514,0,0.429115241,0.603645973,0.000267844,2.958141111,3.61E-05,0.009508994,4.087737773,0.234051795,0.231172347,0,0.921568627,3.820582962,0.000176254,4.064265244,1.55E-05,0.009189624,3.314187862,0.668127872,0.000306683,1.766749536,4.12E-05,0.007206437,16.72972973,0.033029157,16,18,0.818443828,0,0,0,0,0,0,0,0,0,0,0,0,0,0,0,0,0,0,0.667415629,0.439425803,8.89E-06,0.999815811,0.960191799,0.17708181,0.906655809,0.439186774,0.783350513,0.029343599,1.355707245,0,0.323794511,0.089459273,4.00E-09,0.04542131,1.91E-05,0.010559771,0.003282698,0.011585994,0.026390319,0.026905252,0.027742019,2662,0,0,0,0,0,0,6.156304619,0,1.107965607,0,0.34096212,0.697219361,5.06,0.06,1.03,2.05,2,3.29,21.06,2.34,2
5321566,0,0,3600,0,5321566,612.17,1,3600,2560,5321566,4.04,1,3600,0,5321566,9.52,1,3600,0,5321566,2.96,1,1200,2560,5321566,500.28,1,3600,2560,5321566,4.43,1,3600,2560,5321566,1144.31,0,3600,0,5321566,12.24,1,3600,2560,5321566,6.54,1,3600,2560,5321566,3600,0,3600,256,5321566,3600.23,0,3600,2304,5321566,3600.22,0,3600,2304,5321566,3600.22,0,3600,2304,5321566,3600.22,0,3600,2304,5321566,3600.22,0,3600,2304,5321566,3600.22,0,3600,2304,5321566,3600.22,0,3600,2304,5321566,3600.22,0,3600,2304,5321566,157394,704442,51821,288039,2.037262886,1.445647985,0.179909665,0.374750203,1.041369942,0,1,1.3783788,5.13E-05,0.45421954,3.86E-05,0.000231566,1.011058724,0,0.624359896,0.890438448,5.13E-05,0.421443427,2.08E-05,0.00011804,2.683368919,0.253906366,0.156847305,0,0.75,3.036115021,3.19E-05,0.437055476,1.04E-05,9.72E-05,2.402779434,0.75972351,5.28E-05,0.435158453,1.39E-05,0.000131927,14.20689655,0.028512961,14,15,0.5098157,47,0.404068639,26,72,72,26,72,26,43,5.20131021,0.250388053,3.384615385,6.372093023,6.372093023,3.384615385,6.372093023,3.384615385,5.847222222,0.548103525,0.555604178,1.50E-08,0.956203504,0.86376889,0.064512881,0.813195021,0.248579653,0.674370982,0.015352285,0.853895305,2.68E-07,0.201000397,0.032008288,3.79E-05,0.02546168,0.002976923,0.01357644,3.86E-05,0.002817391,0.00632948,0.148704193,0.321124641,18436.5,1.339730804,8715,1.414213562,8715,0,0,2.7932226,1.129147199,1.883551664,0.747994178,0.175192907,0.706526966,5.02,0.08,9.04,2.03,2,2.86,82.54,2.36,2.04
5321561,0,0,3600,0,5321561,36.58,1,3600,2560,5321561,4.27,1,3600,0,5321561,3.82,1,3600,0,5321561,5.89,1,1200,2560,5321561,386.47,1,3600,2560,5321561,7.01,1,3600,2560,5321561,3600.33,0,3600,2304,5321561,9.83,1,3600,2560,5321561,5.49,1,3600,2560,5321561,3600,0,3600,256,5321561,3600.23,0,3600,2304,5321561,3600.22,0,3600,2304,5321561,3600.22,0,3600,2304,5321561,3600.22,0,3600,2304,5321561,3600.22,0,3600,2304,5321561,3600.22,0,3600,2304,5321561,3600.22,0,3600,2304,5321561,3600.22,0,3600,2304,5321561,152348,704840,46943,280441,2.245382698,1.513327224,0.167389932,0.360905477,1.03547841,0,1,1.354398762,5.66E-05,0.421107707,4.26E-05,0.000255629,1.012474934,0,0.583609387,0.905181482,5.66E-05,0.51763477,2.14E-05,0.000146198,2.821893622,0.244645165,0.157427623,0,0.8,3.10855647,3.52E-05,0.500770545,1.07E-05,9.63E-05,2.551131369,0.744980228,5.71E-05,0.509502616,1.43E-05,0.000142632,14.3125,0.032385146,14,15,0.621086375,81,0.024691358,79,83,83,79,83,79,83,4.000305018,0.496873809,2.012658228,5.987951807,5.987951807,2.012658228,5.987951807,2.012658228,5.987951807,0.524416092,0.584203364,3.00E-09,0.990454663,0.8551115,0.051523175,0.800430008,0.219630746,0.629515479,0.014886782,0.890745146,3.10E-07,0.202359682,0.031836093,5.83E-06,0.025240908,0.001721945,0.012655872,0.000213024,0.004920861,0.010480796,0.03751358,0.561617281,5752.5,1.18803773,7885,1.414213562,7885,0,0,1.964714043,1.03924446,1.073863616,0.23433409,0.20118538,0.746655989,4.99,0.09,7.46,2.01,2,3.01,54.11,2.39,2.03
5321646,0,0,3600,0,5321646,3600.26,0,3600,2304,5321646,8.08,1,3600,0,5321646,67.3,1,3600,0,5321646,6.01,1,1200,2560,5321646,3600.22,0,3600,2304,5321646,48.65,1,3600,2560,5321646,3600.25,0,3600,2304,5321646,2.52,1,3600,2560,5321646,3.98,1,3600,2560,5321646,3600,0,3600,256,5321646,3600.22,0,3600,2304,5321646,3600.22,0,3600,2304,5321646,3600.22,0,3600,2304,5321646,3600.21,0,3600,2304,5321646,3600.22,0,3600,2304,5321646,3600.22,0,3600,2304,5321646,3600.21,0,3600,2304,5321646,3600.22,0,3600,2304,5321646,118700,348058,31223,143494,2.801684656,1.425592708,0.217590979,0.413455151,0.657983429,0,1,1.063634609,0.000104385,0.691382424,6.41E-05,0.002273965,0.798410113,0,0.076539786,0.886113705,0.000104385,3.416807698,2.79E-05,0.02722065,1.781288109,0.090982761,0.082911291,0,1,1.62925593,3.21E-05,2.245933578,0,0.003944416,1.473252615,0.347464005,8.14E-05,2.18686389,2.79E-05,0.006627455,14.61538462,0.060570795,13,16,0.975684279,242.4545455,0.329458581,95,366,320,96,291,218,259,8.272117218,0.225874474,4.916666667,12.05263158,9.898907104,6.0625,9.30625,7.007462687,8.362385321,0.187277029,0.728504755,0,1,0.237834994,0.100690524,0.191880253,0.148751629,0.155981083,0.060957109,0.874052603,0,1,0.079273498,0.031526926,0.061674545,0.038340528,0.050479193,0,0,0,9.61E-05,0.005156455,1689,0.155874318,5888.666667,0.004881583,5879,5866,5879,0.326932115,0.685347436,0.82398296,0.0152243,0.050389287,0.232012805,4.77,0.04,3.28,2.02,2,2.6,7.05,2.29,2
5321569,0,0,3600,0,5321569,128.29,1,3600,2560,5321569,2354.65,1,3600,0,5321569,3600.26,0,3600,2304,5321569,122.97,1,1200,2560,5321569,427.12,1,3600,2560,5321569,13.79,1,3600,2560,5321569,405.79,0,3600,0,5321569,25.78,1,3600,2560,5321569,61.83,1,3600,2560,5321569,3600,0,3600,256,5321569,3600.23,0,3600,2304,5321569,3600.22,0,3600,2304,5321569,3600.22,0,3600,2304,5321569,3600.22,0,3600,2304,5321569,3600.22,0,3600,2304,5321569,3600.22,0,3600,2304,5321569,3600.22,0,3600,2304,5321569,3600.22,0,3600,2304,5321569,142234,636562,37504,214978,2.792502133,1.96105648,0.174455061,0.355734009,1.078788654,0,1,1.33262719,6.87E-05,0.400569142,5.33E-05,0.000319966,0.964736062,0,0.621082157,0.918614928,6.87E-05,0.427919083,2.79E-05,0.000190717,2.727297882,0.247079442,0.156725823,0,0.75,3.072623675,4.48E-05,0.425282829,1.40E-05,0.000130246,2.513981812,0.767190131,6.68E-05,0.449064732,1.86E-05,0.000186066,13.69230769,0.033707865,13,14,0.61724177,124.6666667,0.876116349,42,279,279,42,279,42,53,12.05432861,1.054770315,2.773584906,30.03225807,30.03225807,2.773584906,30.03225807,2.773584906,3.357142857,0.530369399,0.561494024,6.00E-09,0.984684122,0.848687191,0.051039196,0.786984578,0.243674019,0.646207045,0.014329892,0.896533717,2.09E-07,0.215485829,0.030385373,2.94E-05,0.024278421,0.001119667,0.012594448,8.00E-05,0.00487948,0.014585111,0.042635452,0.253732935,1029.5,0.415541139,12119,0.002800654,12119,12095,12095,0.774855012,0.45402317,0.887753954,0.009177092,0.252325435,0.74437578,4.7,0.08,4.88,2.06,2,2.79,77.51,2.3,2
5321560,0,0,3600,0,5321560,3600.23,0,3600,2304,5321560,4.45,1,3600,0,5321560,13.66,1,3600,0,5321560,4.23,1,1200,2560,5321560,313.4,1,3600,2560,5321560,7.43,1,3600,2560,5321560,3600.36,0,3600,2304,5321560,11.27,1,3600,2560,5321560,4.65,1,3600,2560,5321560,3600,0,3600,256,5321560,3600.22,0,3600,2304,5321560,3600.22,0,3600,2304,5321560,3600.22,0,3600,2304,5321560,3600.22,0,3600,2304,5321560,3600.22,0,3600,2304,5321560,3600.22,0,3600,2304,5321560,3600.22,0,3600,2304,5321560,3600.22,0,3600,2304,5321560,139172,633408,44556,254622,2.12352994,1.487640502,0.174988807,0.368487218,1.038693227,0,1,1.370929047,5.98E-05,0.441276661,4.49E-05,0.000269324,1.015308133,0,0.605717495,0.894557422,5.98E-05,0.467964259,2.36E-05,0.000153168,2.759903155,0.248303092,0.157334982,0,0.777777778,3.074484737,3.70E-05,0.472136814,1.18E-05,0.000109967,2.479640696,0.751592557,6.12E-05,0.467044148,1.57E-05,0.000157096,13.77777778,0.034686795,13,15,0.681143072,123,0,123,123,123,123,123,123,123,2.959349593,0,2.959349593,2.959349593,2.959349593,2.959349593,2.959349593,2.959349593,2.959349593,0.53590614,0.570127178,0,0.982929823,0.860097891,0.057033289,0.807438853,0.235478887,0.650870817,0.015349159,0.866325131,3.30E-07,0.205417614,0.032094211,1.48E-05,0.025798217,0.002303866,0.013471829,6.73E-05,0.008865248,0.014319059,0.043046952,0.257563516,3474,1.055571608,14786.5,0.003395299,14786.5,14751,14751,1.633481361,1.008099987,0.941754877,0.082820412,0.136875739,0.651369401,4.53,0.08,6.7,2.02,2,2.78,56.88,2.36,2.03
5321641,0,0,3600,0,5321641,3600.28,0,3600,2304,5321641,7.99,1,3600,0,5321641,84.11,1,3600,0,5321641,4.37,1,1200,2560,5321641,3600.22,0,3600,2304,5321641,33.72,1,3600,2560,5321641,3600.33,0,3600,2304,5321641,2.38,1,3600,2560,5321641,3.64,1,3600,2560,5321641,3600,0,3600,256,5321641,3600.23,0,3600,2304,5321641,3600.22,0,3600,2304,5321641,3600.22,0,3600,2304,5321641,3600.22,0,3600,2304,5321641,3600.22,0,3600,2304,5321641,3600.21,0,3600,2304,5321641,3600.22,0,3600,2304,5321641,3600.22,0,3600,2304,5321641,112287,327768,31328,148639,2.584237743,1.20512786,0.210765681,0.403435955,0.670183019,0,1,1.159081013,0.000107441,0.68547944,6.38E-05,0.002202503,0.919093322,0,0.070250742,0.847321362,0.000107441,5.432120735,4.71E-05,0.056243651,1.874225701,0.089884788,0.087932542,0,1,1.640191983,3.10E-05,3.765290924,0,0.016126319,1.542213084,0.33418551,8.19E-05,2.878547577,2.69E-05,0.019523813,14.05785124,0.021049399,13,15,0.347739671,338.8666667,0.813321837,12,864,719,13,575,28,308,16.59475531,0.921731681,2.5,66.56531532,26.58333333,2.538461538,21.33207547,5.278625954,13.95335821,0.187434268,0.767353167,0,1,0.275728024,0.076545029,0.191878193,0.148761941,0.155980685,0.065697054,0.979470843,0,1,0.109450039,0.03317843,0.061674629,0.038340713,0.051730764,0,0,0.011395557,0.018481869,0.018481869,3572.666667,0.981820546,3936.666667,0.866340671,5813,0,5813,1.143752945,1.450256431,1.129810808,0.470192761,0.049386867,0.161077158,4.43,0.04,3.32,2.02,2,2.57,6.34,2.26,2.01
5321559,0,0,3600,0,5321559,3600.22,0,3600,2304,5321559,10.03,1,3600,0,5321559,2,1,3600,0,5321559,3.15,1,1200,2560,5321559,261.78,1,3600,2560,5321559,4.09,1,3600,2560,5321559,1794.23,0,3600,0,5321559,9.01,1,3600,2560,5321559,3.85,1,3600,2560,5321559,3600,0,3600,256,5321559,3600.22,0,3600,2304,5321559,3600.22,0,3600,2304,5321559,3600.22,0,3600,2304,5321559,3600.21,0,3600,2304,5321559,3600.22,0,3600,2304,5321559,3600.22,0,3600,2304,5321559,3600.22,0,3600,2304,5321559,3600.22,0,3600,2304,5321559,109073,488079,34410,190114,2.169805289,1.567296464,0.180996665,0.373568678,1.044553913,0,1,1.378008811,7.71E-05,0.449856129,5.81E-05,0.000348736,1.009450059,0,0.625266945,0.890307921,7.71E-05,0.42209277,3.16E-05,0.00020514,2.703391655,0.250729126,0.155743879,0,0.75,3.065873245,4.81E-05,0.441433721,1.58E-05,0.00014728,2.432851229,0.759297053,7.90E-05,0.436620299,2.10E-05,0.0002104,13.30769231,0.034682081,13,14,0.61724177,62,0,62,62,62,62,62,62,62,3.209677419,0,3.209677419,3.209677419,3.209677419,3.209677419,3.209677419,3.209677419,3.209677419,0.54422545,0.552200478,5.30E-08,0.990209539,0.859195273,0.064695133,0.804849196,0.25348921,0.665215513,0.015637849,0.857393052,1.59E-07,0.203544609,0.032283056,3.87E-05,0.026058638,0.003150481,0.013816358,0.000494042,0.002237722,0.012321999,0.048503342,0.671839582,4519,1.464520207,7686.666667,0.866193077,11399,0,11399,1.531129219,1.217593696,1.090638222,0.323641186,0.219702561,0.74796785,3.38,0.05,4.02,2.04,2,2.61,48.38,2.27,2.01
5321700,0,0,3600,0,5321700,66.77,1,3600,2560,5321700,5.18,1,3600,0,5321700,2.79,1,3600,0,5321700,2.25,1,1200,2560,5321700,71.26,1,3600,2560,5321700,7.3,1,3600,2560,5321700,3600.33,0,3600,2304,5321700,9.27,1,3600,2560,5321700,2.75,1,3600,2560,5321700,3600,0,3600,256,5321700,3600.23,0,3600,2304,5321700,3600.21,0,3600,2304,5321700,3600.21,0,3600,2304,5321700,3600.21,0,3600,2304,5321700,999999,0,0,0,5321700,999999,0,0,0,5321700,999999,0,0,0,5321700,999999,0,0,0,5321700,75528,272784,21302,101116,2.545582574,1.697733296,0.210668935,0.395540751,1.036625977,0,1,1.534121354,0.00016598,1.021469375,9.39E-05,0.002581917,1.463866086,0,0.520916571,0.746419953,0.00016598,4.731273002,6.92E-05,0.023952688,2.212082317,0.321173817,0.180132321,0,0.991053678,2.568938262,0.000119323,6.448586621,1.98E-05,0.023794454,2.335048331,0.835238736,0.000251213,2.097476262,4.94E-05,0.016733257,7.235294118,0.083264453,6,8,0.899479818,1757,0,1757,1757,1757,1757,1757,1757,1757,43.59931702,0,43.59931702,43.59931702,43.59931702,43.59931702,43.59931702,43.59931702,43.59931702,0.677907501,0.272863795,0.000817422,0.999974987,0.881267524,0.44825076,0.777645746,0.635471107,0.699494891,0.073447753,0.766286943,0,0.235762339,0.156876657,0.000881451,0.127791362,0.028294897,0.067603672,0.001643038,0.001643038,0.001643038,0.001643038,0.001643038,2184.333333,1.032462369,4962,0.866081703,7394,0,7394,1.638098344,0.665271526,1.09774695,0.227734753,0.396082863,0.6682652,2.62,0.04,1.59,2.01,2,2.37,4.54,2.17,2
5321718,0,0,3600,0,5321718,345.66,0,3600,2816,5321718,6064.59,1,11250,0,5321718,3600.24,0,3600,2304,5321718,5573.65,1,11250,2560,5321718,206.75,1,3600,2560,5321718,716.75,1,3600,2560,5321718,3600.29,0,3600,2304,5321718,519.24,1,3600,2560,5321718,1585.25,1,3600,2560,5321718,3600,0,3600,256,5321718,3600.22,0,3600,2304,5321718,3600.22,0,3600,2304,5321718,3600.21,0,3600,2304,5321718,3600.21,0,3600,2304,5321718,999999,0,0,0,5321718,999999,0,0,0,5321718,999999,0,0,0,5321718,999999,0,0,0,5321718,75826,222560,19266,129595,2.935741721,0.717350206,0.148663143,0.376045254,0.546159542,0,1,1.444105779,0.000178681,0.30492795,0.00010381,0.001453337,1.382390889,0,0.161896678,0.578764613,0.000178681,3.613178132,5.40E-05,0.010772021,2.911469004,0.158366663,0.123904916,0,0.99376947,2.754814973,7.81E-05,4.631249029,1.54E-05,0.008912381,1.718221815,0.485898376,0.000182142,3.091622104,5.40E-05,0.009622285,15.99137931,0.13379159,11,19,1.829697561,0,0,0,0,0,0,0,0,0,0,0,0,0,0,0,0,0,0,0.33837594,0.465368075,0,0.997679377,0.513147136,0.120468843,0.4587668,0.210743089,0.350308514,0.067614789,0.622296884,0,0.181095654,0.132530052,0.006431408,0.080712765,0.02646883,0.074367078,0,0.058393024,0.079674037,0.079674037,0.079674037,1830,0.342347873,2678.5,1.414213562,2678.5,0,0,1.497847157,0.868288802,1.056625478,0.15729712,0.108505068,0.419388805,2,0.04,1.32,2.01,2,1.89,4,2.19,2
5321647,0,0,3600,0,5321647,3600.22,0,3600,2304,5321647,508.81,1,3600,0,5321647,2413.86,1,3600,0,5321647,1067.72,1,1200,2560,5321647,3600.22,0,3600,2304,5321647,3600.23,0,3600,2304,5321647,3600.33,0,3600,2304,5321647,236.84,1,3600,2560,5321647,88.49,1,3600,2560,5321647,3600,0,3600,256,5321647,3600.22,0,3600,2304,5321647,3600.21,0,3600,2304,5321647,3600.22,0,3600,2304,5321647,3600.22,0,3600,2304,5321647,3600.22,0,3600,2304,5321647,3600.22,0,3600,2304,5321647,3600.22,0,3600,2304,5321647,3600.21,0,3600,2304,5321647,65604,273506,26157,153907,1.50808579,0.777086162,0.169953283,0.40530905,0.413016236,0,1,1.006161721,0.000129408,0.182452875,7.65E-05,0.000191153,0.902666024,0,0.072316399,0.542769335,0.000129408,0.604215348,4.55E-05,0.000467815,2.369986115,0.020693683,0.038522264,0,0.333333333,0.97950148,6.67E-05,0.586372424,1.30E-05,0.000233907,2.068617956,0.529436608,4.99E-05,0.485906504,2.60E-05,0.000155938,12.81690141,0.030174792,12,13,0.476059648,357.1304348,0.272253552,224,545,483,232,428,250,375,7.160567748,0.221775591,4.905172414,11.62939959,8.957207207,5.360869565,8.338235294,5.695431472,7.145833333,0.082447728,1.73985392,0,0.675464457,0.367213359,1.88E-06,0.088592307,0.000109693,0.010647991,0.031200291,0.579730568,1.65E-06,0.157903463,0.048562418,0.000130189,0.040670321,0.023064006,0.029107494,0,0,0,0.000305845,0.000688152,2426.666667,0.084764323,5157,0.009908463,5186,5098,5186,0.53246115,0.690995293,0.865807704,0.016827156,0.035525481,0.093895868,1.46,0.05,2.36,2.03,2,2.18,3.32,2.25,2
5321648,0,0,3600,0,5321648,3600.22,0,3600,2304,5321648,371.43,1,3600,0,5321648,3085.85,1,3600,0,5321648,1422.66,1,11250,2560,5321648,3600.22,0,3600,2304,5321648,3600.22,0,3600,2304,5321648,3600.33,0,3600,2304,5321648,339.32,1,3600,2560,5321648,450.81,1,3600,2560,5321648,3600,0,3600,256,5321648,3600.22,0,3600,2304,5321648,3600.22,0,3600,2304,5321648,3600.21,0,3600,2304,5321648,3600.22,0,3600,2304,5321648,3600.21,0,3600,2304,5321648,3600.21,0,3600,2304,5321648,3600.22,0,3600,2304,5321648,3600.21,0,3600,2304,5321648,65604,273520,26177,154025,1.506169538,0.775815614,0.16995293,0.405334848,0.413192163,0,1,1.006398055,0.000129309,0.182476048,7.64E-05,0.000191007,0.902757794,0,0.072364876,0.542730076,0.000129309,0.604438314,4.54E-05,0.000467457,2.368014042,0.020681976,0.038509971,0,0.333333333,0.978575995,6.67E-05,0.586720951,1.30E-05,0.000233728,2.070373396,0.529368609,4.99E-05,0.486045035,2.60E-05,0.000155819,12.87341772,0.041670836,12,14,0.797431105,246.6785714,0.376407518,160,505,432,169,284,184,208,6.037452434,0.122825357,4.957219251,8.632829374,6.897849462,5.307971014,6.387323944,5.631372549,5.889400922,0.082335853,1.738059452,0,0.675464457,0.366967521,1.89E-06,0.088915558,0.00011092,0.010674579,0.031182965,0.579123332,2.96E-06,0.157903449,0.048263763,0.000130317,0.04066814,0.023063778,0.029108326,0,0,0,0.000305612,0.000687627,2987.5,0.491356469,3883.25,0.666728812,5153,0,5160,0.857804728,1.308554153,1.01357825,0.30741432,0.036288066,0.093709085,1.45,0.04,2.35,2.03,2,2.14,3.29,2.3,2
5321649,0,0,3600,0,5321649,3600.22,0,3600,2304,5321649,431.49,1,3600,0,5321649,2257.26,1,3600,0,5321649,555.12,1,1200,2560,5321649,3600.22,0,3600,2304,5321649,3600.23,0,3600,2304,5321649,3600.32,0,3600,2304,5321649,60.12,1,3600,2560,5321649,204.49,1,3600,2560,5321649,3600,0,3600,256,5321649,3600.22,0,3600,2304,5321649,3600.22,0,3600,2304,5321649,3600.21,0,3600,2304,5321649,3600.22,0,3600,2304,5321649,3600.22,0,3600,2304,5321649,3600.22,0,3600,2304,5321649,3600.22,0,3600,2304,5321649,3600.22,0,3600,2304,5321649,66892,279240,26683,157313,1.506914515,0.775059912,0.16961726,0.40546363,0.411590494,0,1,1.004544774,0.000126955,0.182210052,7.50E-05,0.000187385,0.901757731,0,0.07180589,0.540667332,0.000126955,0.608424018,4.45E-05,0.000457686,2.362363374,0.020529795,0.038450501,0,0.333333333,0.971284001,6.55E-05,0.590908353,1.27E-05,0.000228843,2.065542876,0.52931417,4.89E-05,0.488209281,2.54E-05,0.000152562,12.89473684,0.023799804,12,13,0.336495758,399.0526316,0.336407425,220,681,646,271,530,303,332,8.203552569,0.149484051,6.568493151,11.47469459,10.22173275,6.842105263,9.305322129,7.330033003,7.960784314,0.081860342,1.749946585,0,0.675464457,0.366890971,1.85E-06,0.0878214,8.04E-05,0.010326323,0.031222583,0.57794509,9.50E-08,0.157903459,0.048531878,0.000123832,0.040688752,0.023065763,0.02910802,0,0,0,0.000299816,0.000712064,3030.666667,0.41073992,3496.666667,0.866059827,5218,0,5218,0.977214549,1.196391558,1.027396939,0.290353793,0.037002548,0.079830505,1.42,0.04,2.44,2.01,2,2.15,3.27,2.27,2
5321650,0,0,3600,0,5321650,3600.22,0,3600,2304,5321650,4682.78,1,11250,0,5321650,686.92,1,3600,0,5321650,1897.01,1,11250,2560,5321650,3600.21,0,3600,2304,5321650,3600.22,0,3600,2304,5321650,3600.32,0,3600,2304,5321650,66.56,1,3600,2560,5321650,123.66,1,3600,2560,5321650,3600,0,3600,256,5321650,3600.22,0,3600,2304,5321650,3600.21,0,3600,2304,5321650,3600.21,0,3600,2304,5321650,3600.21,0,3600,2304,5321650,3600.21,0,3600,2304,5321650,3600.21,0,3600,2304,5321650,3600.22,0,3600,2304,5321650,3600.22,0,3600,2304,5321650,66892,279256,26735,157595,1.502038526,0.771985152,0.169643707,0.405708937,0.412165176,0,1,1.005386244,0.000126701,0.182294238,7.48E-05,0.000187021,0.90208745,0,0.071981979,0.540677052,0.000126701,0.60892131,4.44E-05,0.000456867,2.360248625,0.020504812,0.038443589,0,0.333333333,0.969382032,6.53E-05,0.591378365,1.27E-05,0.000228434,2.066714701,0.529293442,4.88E-05,0.488529153,2.54E-05,0.000152289,12.84210526,0.028394276,12,13,0.436162325,282.3703704,0.472618986,155,638,499,177,365,188,236,6.774042355,0.174691876,4.761290323,9.9088,8.052109181,5.430167598,7.462765957,5.648351648,6.836,0.0817122,1.749092485,0,0.675464457,0.366711614,1.87E-06,0.08781776,8.72E-05,0.010334362,0.031200987,0.577497195,2.96E-06,0.157903449,0.048255233,0.000125834,0.040677048,0.023065081,0.029108778,0,0,0,0.000299233,0.000710679,2806.333333,0.310221132,5284.333333,0.01577203,5315,5190,5315,0.83513271,1.148141173,0.888515031,0.068127696,0.032659366,0.085727443,1.41,0.05,2.44,2.01,2,2.17,3.25,2.24,2
5321656,0,0,3600,0,5321656,3600.22,0,3600,2304,5321656,894.77,1,3600,0,5321656,175.08,1,3600,0,5321656,411.92,1,1200,2560,5321656,3600.21,0,3600,2304,5321656,3600.23,0,3600,2304,5321656,3600.33,0,3600,2304,5321656,1344.2,1,3600,2560,5321656,168.88,1,3600,2560,5321656,3600,0,3600,256,5321656,3600.22,0,3600,2304,5321656,3600.21,0,3600,2304,5321656,3600.22,0,3600,2304,5321656,3600.21,0,3600,2304,5321656,3600.22,0,3600,2304,5321656,3600.22,0,3600,2304,5321656,3600.21,0,3600,2304,5321656,3600.22,0,3600,2304,5321656,65604,273522,26131,153779,1.510581302,0.778669389,0.169925673,0.405210724,0.412718555,0,1,1.005738011,0.000129542,0.18240717,7.65E-05,0.000191344,0.902487741,0,0.072220524,0.5427269,0.000129542,0.603964671,4.55E-05,0.000468204,2.370516477,0.02070761,0.038523819,0,0.333333333,0.981080667,6.68E-05,0.586228725,1.30E-05,0.000234102,2.069383017,0.529448104,5.00E-05,0.48575558,2.60E-05,0.000156068,12.8875,0.042489226,12,14,0.81698308,226.0357143,0.232471695,128,333,309,153,261,189,239,6.54599985,0.173786432,4.53125,9.27027027,8.052631579,5.080952381,7.640495868,5.912371134,6.304878049,0.082591052,1.738074249,0,0.675464456,0.367488249,1.89E-06,0.089642714,0.00011092,0.010703735,0.031182169,0.579375542,9.50E-08,0.157903448,0.048471043,0.000130067,0.040670335,0.023063984,0.029107292,0,0,0,0.00030615,0.000688837,3960.25,0.866085107,3880.25,0.66675753,5143.5,0,5146,1.140641262,1.519995916,1.212323739,0.58577118,0.037180709,0.087714113,1.38,0.05,2.34,2.02,2,2.12,3.22,2.27,2.01
5321653,0,0,3600,0,5321653,3600.22,0,3600,2304,5321653,731.42,1,3600,0,5321653,38.45,1,3600,0,5321653,288.19,1,1200,2560,5321653,3600.21,0,3600,2304,5321653,3600.23,0,3600,2304,5321653,3600.35,0,3600,2304,5321653,317.67,1,3600,2560,5321653,575.11,1,3600,2560,5321653,3600,0,3600,256,5321653,3600.22,0,3600,2304,5321653,3600.21,0,3600,2304,5321653,3600.22,0,3600,2304,5321653,3600.22,0,3600,2304,5321653,3600.21,0,3600,2304,5321653,3600.21,0,3600,2304,5321653,3600.21,0,3600,2304,5321653,3600.21,0,3600,2304,5321653,48689,204067,19897,115693,1.447052319,0.76386644,0.171981019,0.408531199,0.437428703,0,1,1.039728996,0.00017006,0.187310301,0.000100518,0.000251294,0.920955998,0,0.082606554,0.53372287,0.00017006,0.509738488,5.19E-05,0.00048404,2.571000762,0.019412205,0.03847431,0,0.272727273,0.846906222,8.76E-05,0.498193532,1.73E-05,0.00024202,2.305332519,0.5302568,6.88E-05,0.51834192,3.46E-05,0.000181515,13.49038462,0.037056581,13,14,0.692962258,297.5925926,0.547497104,89,980,490,174,325,202,245,8.203262373,0.286779777,4.950819672,15.51122449,10.71910112,5.508403361,8.878186969,6.90430622,7.428571429,0.077610718,1.854845635,0,0.653253561,0.366054793,2.00E-06,0.066623058,0.000183686,0.006049224,0.030799971,0.722608557,1.14E-05,0.210583904,0.044745011,0.000771236,0.041052721,0.022447312,0.026482169,0,0,0,0.000100518,0.007589084,1835,0.103869648,3810.857143,0.007670564,3809,3776,3821,0.466832775,0.788425094,0.852155554,0.019879708,0.038841379,0.102693851,1.08,0.04,1.39,2.01,2,1.67,3,2.24,2.01
5321654,0,0,3600,0,5321654,3600.22,0,3600,2304,5321654,539.64,1,3600,0,5321654,144.56,1,3600,0,5321654,181.92,1,1200,2560,5321654,3600.22,0,3600,2304,5321654,3600.23,0,3600,2304,5321654,3600.32,0,3600,2304,5321654,348.61,1,3600,2560,5321654,678.36,1,3600,2560,5321654,3600,0,3600,256,5321654,3600.22,0,3600,2304,5321654,3600.21,0,3600,2304,5321654,3600.21,0,3600,2304,5321654,3600.22,0,3600,2304,5321654,3600.22,0,3600,2304,5321654,3600.22,0,3600,2304,5321654,3600.21,0,3600,2304,5321654,3600.22,0,3600,2304,5321654,48689,204055,19903,115706,1.446314626,0.763564552,0.172013552,0.408551559,0.437547702,0,1,1.039890959,0.000170003,0.187334296,0.000100487,0.000251218,0.921044647,0,0.082657771,0.533775258,0.000170003,0.50991999,5.19E-05,0.000483985,2.570989179,0.019398968,0.038526783,0,0.4,0.846117238,8.76E-05,0.498399837,1.73E-05,0.000241993,2.304600416,0.530188581,6.87E-05,0.518513606,3.46E-05,0.000181494,13.47169811,0.03705534,13,14,0.69154433,273.68,0.342751966,81,470,392,160,341,206,250,7.882046054,0.221909743,5.761682243,12.95319149,9.612426036,6.063829787,8.315625,6.848396501,7.718654434,0.077717259,1.855748636,0,0.762203708,0.366053407,1.92E-06,0.066453277,0.00017781,0.006033731,0.030804436,0.722202632,1.14E-05,0.210583923,0.044745011,0.00077124,0.040995971,0.022459943,0.026513358,0,0,0,0.000100487,0.007586796,1932.571429,0.250122741,3825.428571,0.010179124,3818,3772,3835,0.562277753,1.143479528,0.862085017,0.054394702,0.036707678,0.140138664,1.07,0.04,1.38,2.01,2,1.65,2.99,2.26,2
5321655,0,0,3600,0,5321655,3600.22,0,3600,2304,5321655,8092.97,1,11250,0,5321655,3600.26,0,3600,2304,5321655,406.36,1,1200,2560,5321655,3600.22,0,3600,2304,5321655,3600.23,0,3600,2304,5321655,3600.26,0,3600,2304,5321655,11250.7,0,11250,2304,5321655,670.32,1,3600,2560,5321655,3600,0,3600,256,5321655,3600.22,0,3600,2304,5321655,3600.22,0,3600,2304,5321655,3600.22,0,3600,2304,5321655,3600.22,0,3600,2304,5321655,3600.22,0,3600,2304,5321655,3600.22,0,3600,2304,5321655,3600.21,0,3600,2304,5321655,3600.22,0,3600,2304,5321655,50073,210239,20559,120270,1.43557566,0.748058535,0.170940384,0.409262493,0.433908658,0,1,1.035560064,0.000164943,0.186316982,9.73E-05,0.000194562,0.917079804,0,0.080527147,0.52841939,0.000164943,0.512242077,4.99E-05,0.000465619,2.557905661,0.018894025,0.038298994,0,0.4,0.822906586,8.48E-05,0.50111372,8.32E-06,0.00023281,2.306496047,0.529059616,6.65E-05,0.519681377,3.33E-05,0.000174607,13.49056604,0.037056339,13,14,0.692969171,241.2333333,0.211014054,138,354,313,181,272,204,240,7.161880574,0.230382504,5.104972376,14.26811594,9.483660131,5.935185185,7.518987342,6.272727273,6.668621701,0.075142249,1.90357089,0,0.755199765,0.364948598,3.50E-08,0.060794312,0.000104651,0.004349883,0.030779551,0.728457007,1.14E-05,0.210579042,0.044745845,0.000707766,0.041735898,0.022239376,0.026203442,0,0,0,9.73E-05,0.008366166,1801.166667,0.019460118,3931,0.012938335,3929,3861,3980,0.287531601,0.221559289,0.845723174,0.006947341,0.032022254,0.099229412,1.05,0.04,1.46,2.02,2,1.7,2.97,2.25,2
5321651,0,0,3600,0,5321651,3600.21,0,3600,2304,5321651,51.78,1,3600,0,5321651,1045.1,1,3600,0,5321651,168.05,1,1200,2560,5321651,3600.22,0,3600,2304,5321651,3600.23,0,3600,2304,5321651,3600.34,0,3600,2304,5321651,705.52,1,3600,2560,5321651,248.24,1,3600,2560,5321651,3600,0,3600,256,5321651,3600.21,0,3600,2304,5321651,3600.22,0,3600,2304,5321651,3600.21,0,3600,2304,5321651,3600.22,0,3600,2304,5321651,3600.22,0,3600,2304,5321651,3600.21,0,3600,2304,5321651,3600.22,0,3600,2304,5321651,3600.22,0,3600,2304,5321651,48689,204071,19877,115604,1.449514514,0.765258988,0.171940417,0.408564294,0.437161318,0,1,1.03931045,0.000170249,0.187238693,0.000100619,0.000201238,0.920601226,0,0.082462545,0.533502301,0.000170249,0.509630004,5.19E-05,0.000484412,2.570529159,0.01936958,0.038505003,0,0.4,0.846378018,8.77E-05,0.498018533,8.65E-06,0.000242206,2.305531014,0.530267119,6.88E-05,0.518397077,3.46E-05,0.000181655,13.4122807,0.03670108,13,14,0.677677898,226.0909091,0.293371151,84,371,336,152,249,189,229,6.683723497,0.159972588,4.991266376,8.556547619,8.278688525,5.308176101,7.515555556,5.871559633,6.459770115,0.077502269,1.858819333,0,0.758691253,0.366053486,1.92E-06,0.066147791,0.000177676,0.006033735,0.030804472,0.722823137,1.14E-05,0.210583925,0.044744164,0.000771229,0.041098377,0.022459926,0.02645354,0,0,0,0.000100619,0.00759672,1997.428571,0.350976797,3245.714286,0.441108629,3786,0,3794,0.603304119,1.320421419,0.92364421,0.234130249,0.036675555,0.098764503,1.02,0.04,1.37,2.01,2,1.6,2.93,2.24,2.01
5321652,0,0,3600,0,5321652,3600.22,0,3600,2304,5321652,1391.4,1,3600,0,5321652,49.17,1,3600,0,5321652,272.11,1,1200,2560,5321652,3600.21,0,3600,2304,5321652,3600.23,0,3600,2304,5321652,3600.33,0,3600,2304,5321652,165.51,1,3600,2560,5321652,32.58,1,3600,2560,5321652,3600,0,3600,256,5321652,3600.22,0,3600,2304,5321652,3600.22,0,3600,2304,5321652,3600.21,0,3600,2304,5321652,3600.22,0,3600,2304,5321652,3600.22,0,3600,2304,5321652,3600.22,0,3600,2304,5321652,3600.22,0,3600,2304,5321652,3600.22,0,3600,2304,5321652,48689,204067,19882,115611,1.448898501,0.765117506,0.171973255,0.408404045,0.437620608,0,1,1.039804141,0.000170197,0.187313229,0.000100594,0.000201187,0.920872776,0,0.082621896,0.533530546,0.000170197,0.509800772,5.19E-05,0.000484383,2.569606934,0.019403102,0.038485845,0,0.272727273,0.846033316,8.77E-05,0.498289991,1.73E-05,0.000242191,2.305263212,0.530235012,6.88E-05,0.518291358,3.46E-05,0.000181644,13.45614035,0.037014523,13,14,0.689294894,242.125,0.268692065,75,391,307,167,287,201,245,6.903840394,0.174562374,4.732620321,10.77245509,8.360824742,5.446808511,7.647651007,6.355400697,6.959349593,0.077696809,1.855548628,0,0.653619991,0.366055152,1.92E-06,0.066902831,0.000177583,0.006057124,0.030781807,0.721198325,1.14E-05,0.210583851,0.044743997,0.000771228,0.041086513,0.022460594,0.026395229,0,0,0,0.000100594,0.007594809,1749.714286,0.009985096,3806.714286,0.013397994,3817,3700,3848,0.343059048,0.151109288,0.846134307,0.005169973,0.036466828,0.101604423,1.02,0.03,1.36,2.02,2,1.58,2.93,2.23,2
5321681,0,0,3600,0,5321681,3600.22,0,3600,2304,5321681,11250.7,0,11250,2304,5321681,3600.24,0,3600,2304,5321681,11250.8,0,11250,2304,5321681,3600.21,0,3600,2304,5321681,3600.24,0,3600,2304,5321681,3600.26,0,3600,2304,5321681,11250.7,0,11250,2304,5321681,11250.7,0,11250,2304,5321681,3600,0,3600,256,5321681,3600.22,0,3600,2304,5321681,3600.22,0,3600,2304,5321681,2231.57,1,3600,2560,5321681,3600.22,0,3600,2304,5321681,3600.22,0,3600,2304,5321681,3600.21,0,3600,2304,5321681,3600.22,0,3600,2304,5321681,3600.22,0,3600,2304,5321681,1156,194072,1156,194072,0,0,0.005956552,0.595480028,0.547310054,0,1,0.674511729,0.002264017,0.291951987,0.001730104,0.029411765,0.673319089,0,0.393658024,0.999649615,0.002264017,0.00344654,0.002215673,0.0022672,0.602669205,0.527414189,0.001283652,0.52293578,0.534883721,0.290279621,0.002253712,0.0034623,0.002205367,0.002256894,0.602669205,0.999649615,0.001277368,0.074689588,0.000675007,0.001313945,3,0,3,3,0,1139.666667,0.585254828,248,1852,1852,248,1852,248,1319,43.62893523,0.125879586,35.96588325,48.55645161,48.55645161,35.96588325,48.55645161,35.96588325,46.36447084,0.691783991,0.001685332,0.687544415,0.69842626,0.691671816,0.691671678,0.691671732,0.691671694,0.691671706,0,0,0,0,0,0,0,0,0,0.000865052,0.001730104,0.001730104,0.147058824,0.749134948,362.0285714,5.488322646,539.8857143,0.176947192,554,528,575,58.4058607,0.104954679,1.015127095,0.089288771,0.805184346,0.949949843,0.48,0.05,0.11,2.02,2,1.31,28.57,2.22,2.05
5321680,0,0,3600,0,5321680,3600.22,0,3600,2304,5321680,11250.7,0,11250,2304,5321680,3600.24,0,3600,2304,5321680,11250.7,0,11250,2304,5321680,3600.22,0,3600,2304,5321680,3600.24,0,3600,2304,5321680,3600.31,0,3600,2304,5321680,2761.64,1,3600,2560,5321680,11250.7,0,11250,2304,5321680,3600.28,0,3600,2304,5321680,0,0,3600,65280,5321680,0,0,3600,0,5321680,0,0,3600,0,5321680,0,0,3600,65280,5321680,3600.22,0,3600,2304,5321680,3600.21,0,3600,2304,5321680,3600.22,0,3600,2304,5321680,3600.21,0,3600,2304,5321680,1089,177375,1089,177375,0,0,0.006139535,0.595348837,0.547410452,0,1,0.674662295,0.002403741,0.29148767,0.001836547,0.03030303,0.673407034,0,0.393488372,0.999627907,0.002403741,0.003661477,0.002350951,0.002407329,0.618656934,0.527081924,0.001341064,0.522458629,0.534772182,0.2895798,0.002392466,0.003678734,0.002339676,0.002396054,0.618656934,0.999627907,0.001343022,0.080569244,0.000715997,0.00139253,3,0,3,3,0,1387,0.526315789,657,2117,2117,657,2117,657,2117,52.02380203,0.044276714,49.720359,54.32724505,54.32724505,49.720359,54.32724505,49.720359,54.32724505,0.691719218,0.00177534,0.687281475,0.698600836,0.691601852,0.691601581,0.69160167,0.691601604,0.691601621,0,0,0,0,0,0,0,0,0,0.000918274,0.000918274,0.000918274,0.109274564,0.66758494,83.61538462,4.324925053,512.3846154,0.167996444,525,498,551,56.2466122,0.060161141,1.001863111,0.013030069,0.79134453,0.933008413,0.42,0.05,0.11,2.01,2,1.14,31.24,2.2,2.03
5321679,0,0,3600,0,5321679,3600.21,0,3600,2304,5321679,11250.7,0,11250,2304,5321679,3600.23,0,3600,2304,5321679,11250.7,0,11250,2304,5321679,3600.22,0,3600,2304,5321679,3600.24,0,3600,2304,5321679,3600.28,0,3600,2304,5321679,5192.99,1,11250,2560,5321679,11250.7,0,11250,2304,5321679,3600,0,3600,256,5321679,3600.22,0,3600,2304,5321679,3600.21,0,3600,2304,5321679,3600.21,0,3600,2304,5321679,3600.22,0,3600,2304,5321679,3600.21,0,3600,2304,5321679,3600.21,0,3600,2304,5321679,3600.22,0,3600,2304,5321679,3600.21,0,3600,2304,5321679,961,146909,961,146909,0,0,0.006541464,0.595062249,0.547632859,0,1,0.675011071,0.00272497,0.290471812,0.002081165,0.032258065,0.673614124,0,0.393120912,0.99957797,0.00272497,0.003985258,0.002661512,0.002729581,0.646101803,0.526353199,0.001467637,0.521410579,0.534526854,0.303763946,0.002711356,0.004005268,0.002647898,0.002715967,0.646101803,0.99957797,0.001524668,0.077632088,0.000810025,0.001572402,3,0,3,3,0,1172.666667,0.355656232,707,1719,1719,707,1719,707,1092,43.54081784,0.044839795,41.12914485,45.91089109,45.91089109,41.12914485,45.91089109,41.12914485,43.58241758,0.691669447,0.001987536,0.686765805,0.699094641,0.69154147,0.691540557,0.691540805,0.691540603,0.691540646,0,0,0,0,0,0,0,0,0,0,0,0.003121748,0.113423517,0.664932362,24.15555556,0.2049029,450.9555556,0.156547193,461,437,476,51.27191037,0.07944163,0.999781549,0.000367007,0.808651702,0.922914233,0.36,0.04,0.08,2.02,2,0.99,20.99,2.18,2.04
5321678,0,0,3600,0,5321678,3600.22,0,3600,2304,5321678,11250.7,0,11250,2304,5321678,2649.74,1,3600,0,5321678,9721.07,1,11250,2560,5321678,183.17,1,3600,2560,5321678,3600.24,0,3600,2304,5321678,3600.25,0,3600,2304,5321678,489.79,1,3600,2560,5321678,2047.45,1,3600,2560,5321678,3600,0,3600,256,5321678,3600.22,0,3600,2304,5321678,3600.22,0,3600,2304,5321678,3600.21,0,3600,2304,5321678,3600.22,0,3600,2304,5321678,3600.21,0,3600,2304,5321678,3600.21,0,3600,2304,5321678,3600.22,0,3600,2304,5321678,3600.22,0,3600,2304,5321678,900,133080,900,133080,0,0,0.006762849,0.59490532,0.547756466,0,1,0.675213591,0.00291028,0.289914642,0.002222222,0.033333333,0.673736239,0,0.392921551,0.999549143,0.00291028,0.004165982,0.002840397,0.00291554,0.659479955,0.525952758,0.001532107,0.520833333,0.534391534,0.310182847,0.002895251,0.004187607,0.002825368,0.002900511,0.659479955,0.999549143,0.001623234,0.078688193,0.000864142,0.001675684,3,0,3,3,0,949.6666667,0.21732393,658,1105,1105,658,1105,658,1086,45.15990016,0.060083978,42.49355433,48.88297872,48.88297872,42.49355433,48.88297872,42.49355433,44.10316742,0.69169966,0.002100576,0.686520619,0.699435526,0.691566536,0.691564964,0.691565402,0.691565027,0.691565107,0,0,0,0,0,0,0,0,0,0,0,0.002222222,0.115555556,0.66,468.6111111,6.984544807,425.2777778,0.142132152,434,415,448,49.19513332,0.151246807,0.981202518,0.13865048,0.764799054,0.929572726,0.31,0.04,0.08,2.01,2,0.87,16.74,2.17,2
5321677,0,0,3600,0,5321677,3600.22,0,3600,2304,5321677,11250.7,0,11250,2304,5321677,3600.23,0,3600,2304,5321677,11250.7,0,11250,2304,5321677,3600.22,0,3600,2304,5321677,3600.24,0,3600,2304,5321677,3600.28,0,3600,2304,5321677,11250,0,11250,2560,5321677,11250.7,0,11250,2304,5321677,3600,0,3600,256,5321677,3600.22,0,3600,2304,5321677,3600.22,0,3600,2304,5321677,224.66,1,3600,2560,5321677,3600.22,0,3600,2304,5321677,2258.7,1,3600,2560,5321677,3600.21,0,3600,2304,5321677,423.07,1,3600,2560,5321677,422,1,3600,2560,5321677,841,120147,841,120147,0,0,0.006999759,0.594738112,0.54788961,0,1,0.675438359,0.003115149,0.289320265,0.002378121,0.034482759,0.673873154,0,0.392710596,0.999517258,0.003115149,0.00429971,0.003062915,0.003121177,0.66885298,0.525524728,0.001599313,0.520215633,0.52972973,0,0.003098503,0.004322809,0.003046268,0.00310453,0.66885298,0.999517258,0.001745563,0.074057844,0.001364995,0.001789475,3,0,3,3,0,1230.333333,0.233655738,962,1629,1629,962,1629,962,1100,46.49633584,0.043400132,44.92363636,49.34499693,49.34499693,44.92363636,49.34499693,44.92363636,45.22037422,0.691780036,0.002226459,0.686288248,0.695704113,0.692947836,0.691639453,0.691640234,0.691639537,0.691639673,0,0,0,0,0,0,0,0,0,0.001189061,0.001189061,0.002378121,0.122473246,0.733650416,68.26984127,5.345831789,400.5238095,0.133392128,406,387,427,49.01661381,0.076728879,1.00247472,0.021744543,0.817961546,0.921652462,0.29,0.02,0.06,2.01,2,0.78,14.01,2.16,2.02
5321676,0.01,0,3600,0,5321676,3600.21,0,3600,2304,5321676,2657,1,3600,0,5321676,2954.47,1,3600,0,5321676,103.75,1,1200,2560,5321676,68.88,1,3600,2560,5321676,1658.61,1,3600,2560,5321676,3600.25,0,3600,2304,5321676,884.04,1,3600,2560,5321676,2886.44,1,3600,2560,5321676,3600,0,3600,256,5321676,2139.27,1,3600,2560,5321676,3280.91,1,3600,2560,5321676,1744.9,1,3600,2560,5321676,2538.9,1,3600,2560,5321676,999999,0,0,0,5321676,999999,0,0,0,5321676,999999,0,0,0,5321676,999999,0,0,0,5321676,784,108080,784,108080,0,0,0.007253886,0.594559585,0.548033431,0,1,0.675688576,0.003342432,0.288684833,0.00255102,0.035714286,0.6740271,0,0.392487047,0.999481865,0.003342432,0.004520757,0.003284604,0.003349371,0.684921681,0.525066412,0.001684131,0.519553073,0.529411765,0.017780575,0.003323927,0.004545924,0.003266099,0.003330866,0.684921681,0.999481865,0.001866673,0.075119924,0.00146188,0.001915248,3,0,3,3,0,1195.333333,0.19778667,1010,1529,1529,1010,1529,1010,1047,42.0137314,0.136278599,34.92072588,48.94257426,48.94257426,34.92072588,48.94257426,34.92072588,42.17789405,0.691924035,0.002383536,0.686080157,0.6960322,0.6960218,0.691777321,0.691778766,0.691777483,0.691777744,0,0,0,0,0,0,0,0,0,0.00127551,0.00127551,0.003826531,0.133928571,0.56377551,25.73611111,1.374552945,369.8472222,0.124978283,373,359,390,46.88316133,0.067776397,0.999907811,0.002198055,0.795771997,0.92874429,0.25,0.03,0.06,2.01,2,0.69,11.76,2.15,2.03
5321674,0,0,3600,0,5321674,845.66,1,3600,2560,5321674,394.82,1,3600,0,5321674,1009.43,1,3600,0,5321674,89.09,1,1200,2560,5321674,1731.93,1,3600,2560,5321674,3600.24,0,3600,2304,5321674,3600.26,0,3600,2304,5321674,70.26,1,3600,2560,5321674,205.7,1,3600,2560,5321674,3600,0,3600,256,5321674,9.64,1,3600,2560,5321674,219.24,1,3600,2560,5321674,221.6,1,3600,2560,5321674,2251.72,1,3600,2560,5321674,716.56,1,3600,2560,5321674,686.58,1,3600,2560,5321674,863.24,1,3600,2560,5321674,854.88,1,3600,2560,5321674,676,86424,676,86424,0,0,0.007821901,0.594163658,0.548358638,0,1,0.67628124,0.003878463,0.287272569,0.00295858,0.038461538,0.674397216,0,0.391997593,0.999398315,0.003878463,0.005140511,0.0037721,0.003887809,0.726531948,0.524044901,0.001876103,0.518072289,0.533742331,0.031295293,0.003855322,0.005171367,0.003748959,0.003864667,0.726531948,0.999398315,0.002131058,0.083350233,0.001145515,0.002210034,3,0,3,3,0,1386,0.09018759,1261,1511,1511,1261,1511,1261,1511,38.39334466,0.025488648,37.4147502,39.37193911,39.37193911,37.4147502,39.37193911,37.4147502,39.37193911,0.692473841,0.002755305,0.685775704,0.70180346,0.697001568,0.68899251,0.692319341,0.692315284,0.692316253,0,0,0,0,0,0,0,0,0,0,0.00147929,0.00443787,0.167159763,0.322485207,22.38297872,1.058384568,319.4255319,0.111234512,322.5,308,336,43.45919703,0.069961495,0.999838769,0.001808389,0.776713224,0.944719737,0.2,0.02,0.05,2.01,2,0.56,7.01,2.13,2.01
5321675,0,0,3600,0,5321675,1673.25,1,3600,2560,5321675,680.79,1,3600,0,5321675,1027.52,1,3600,0,5321675,92.26,1,1200,2560,5321675,1713.44,1,3600,2560,5321675,1093.68,1,3600,2560,5321675,3600.25,0,3600,2304,5321675,45.01,1,3600,2560,5321675,1678.75,1,3600,2560,5321675,3600,0,3600,256,5321675,166.2,1,3600,2560,5321675,17.68,1,3600,2560,5321675,366.2,1,3600,2560,5321675,998.46,1,3600,2560,5321675,3600.22,0,3600,2304,5321675,3600.21,0,3600,2304,5321675,206.67,1,3600,2560,5321675,205.94,1,3600,2560,5321675,729,96849,729,96849,0,0,0.007527181,0.594368553,0.548189255,0,1,0.675968032,0.003595517,0.28800395,0.002743484,0.037037037,0.674200729,0,0.392249791,0.999442431,0.003595517,0.004834426,0.003500294,0.003603548,0.704899937,0.524574584,0.001778942,0.51884058,0.533923304,0.02082387,0.003574866,0.004862353,0.003479644,0.003582897,0.704899937,0.999442431,0.001983827,0.082114027,0.001063511,0.002054745,3,0,3,3,0,1188.25,0.11358966,1007,1387,1387,1007,1387,1166,1193,38.13251747,0.075986904,33.89365352,41.03376365,41.03376365,33.89365352,41.03376365,37.0259553,40.5766974,0.692148223,0.002559382,0.685907575,0.701015377,0.696447782,0.68890723,0.691997949,0.691995648,0.69199618,0,0,0,0,0,0,0,0,0,0.001371742,0.001371742,0.002743484,0.155006859,0.699588477,21.08641975,0.165508269,344.7407407,0.119731829,348,332,367,45.30756917,0.061498244,0.999724132,0.000376223,0.803115814,0.926876991,0.22,0.02,0.05,2.01,2,0.63,9.92,2.14,2.01
5321673,0,0,3600,0,5321673,237.11,1,3600,2560,5321673,117.37,1,3600,0,5321673,737.99,1,3600,0,5321673,74.15,1,1200,2560,5321673,2045.05,1,3600,2560,5321673,3600.23,0,3600,2304,5321673,3600.25,0,3600,2304,5321673,202.74,1,3600,2560,5321673,294.98,1,3600,2560,5321673,3600,0,3600,256,5321673,479.88,1,3600,2560,5321673,513.22,1,3600,2560,5321673,357.41,1,3600,2560,5321673,1766.42,1,3600,2560,5321673,1331.13,1,3600,2560,5321673,9.87,1,3600,2560,5321673,1678.23,1,3600,2560,5321673,1677.31,1,3600,2560,5321673,625,76775,625,76775,0,0,0.008140671,0.593943341,0.548543413,0,1,0.676633609,0.004196158,0.286484868,0.0032,0.04,0.674620384,0,0.391729078,0.999348746,0.004196158,0.005412092,0.004076848,0.004207099,0.745231226,0.523473214,0.001999459,0.517241379,0.533546326,0.033471598,0.004170107,0.005445901,0.004050798,0.004181049,0.745231226,0.999348746,0.002295289,0.084638064,0.001237382,0.002383588,3,0,3,3,0,1956,0.166155419,1631,2281,2281,1631,2281,1631,2281,36.84494388,0.055844024,34.78737396,38.9025138,38.9025138,34.78737396,38.9025138,34.78737396,38.9025138,0.692923774,0.003005036,0.685703052,0.702772478,0.697706274,0.68916152,0.692763015,0.692762646,0.692762821,0,0,0,0,0,0,0,0,0,0,0,0.0032,0.1632,0.6096,20.53773585,0.695904622,294.6886792,0.108467268,298,279,315,41.75338168,0.066607573,0.999743198,0.001279021,0.775789011,0.922473044,0.17,0.02,0.04,2.01,2,0.58,6.35,2.1,2
5321682,0,0,3600,0,5321682,155.52,1,3600,2560,5321682,164.4,1,3600,0,5321682,69.44,1,3600,0,5321682,0.28,1,1200,2560,5321682,291.18,1,3600,2560,5321682,219.36,1,3600,2560,5321682,3600.25,0,3600,2304,5321682,9.54,1,3600,2560,5321682,36.6,1,3600,2560,5321682,3600,0,3600,256,5321682,374.65,1,3600,2560,5321682,81.86,1,3600,2560,5321682,44.23,1,3600,2560,5321682,109.94,1,3600,2560,5321682,999999,0,0,0,5321682,999999,0,0,0,5321682,999999,0,0,0,5321682,999999,0,0,0,5321682,576,67872,576,67872,0,0,0.008486563,0.593705799,0.548745757,0,1,0.677031661,0.004554529,0.285634101,0.003472222,0.041666667,0.674874866,0,0.391442716,0.999292786,0.004554529,0.005770798,0.004420085,0.004567421,0.766773476,0.522854151,0.002109982,0.516339869,0.533333333,0.361396935,0.004525062,0.005808377,0.004390618,0.004537954,0.766773476,0.999292786,0.002479238,0.085980327,0.001340759,0.002578383,3,0,3,3,0,1822,0.186608123,1482,2162,2162,1482,2162,1482,2162,38.06006803,0.029979232,36.91905643,39.20107962,39.20107962,36.91905643,39.20107962,36.91905643,39.20107962,0.693537473,0.003250459,0.685711001,0.703966541,0.69860493,0.68945547,0.693374108,0.693373348,0.693373681,0,0,0,0,0,0,0,0,0,0,0.006944444,0.008680556,0.342013889,0.342013889,49.69747899,6.80533369,273.2016807,0.103996778,277,258,289,40.45360618,0.085717181,1.003138261,0.038609879,0.781934888,0.927506064,0.17,0.01,0.03,2.01,2,0.49,4.26,2.1,2.01
